"entry_id","facet","value"
"pedagogy:academic-language-multilingual","layer","tactic"
"pedagogy:academic-language-multilingual","grainSize","unit-course"
"pedagogy:academic-language-multilingual","maturity","established"
"pedagogy:academic-language-multilingual","tradition","sociocultural"
"pedagogy:academic-language-multilingual","tradition","critical-equity"
"pedagogy:academic-language-multilingual","domain","multilingual"
"pedagogy:academic-language-multilingual","domain","literacy"
"pedagogy:academic-language-multilingual","lifespanStage","primary"
"pedagogy:academic-language-multilingual","lifespanStage","middle"
"pedagogy:academic-language-multilingual","lifespanStage","secondary"
"pedagogy:academic-language-multilingual","function","explain"
"pedagogy:academic-language-multilingual","function","access"
"pedagogy:academic-language-multilingual","evidenceStatus","strong"
"pedagogy:academic-language-multilingual","recommendationStatus","candidate-default-with-fit-check"
"pedagogy:accessibility-by-design","layer","constraint"
"pedagogy:accessibility-by-design","grainSize","program-system"
"pedagogy:accessibility-by-design","maturity","established"
"pedagogy:accessibility-by-design","tradition","critical-equity"
"pedagogy:accessibility-by-design","tradition","instructional-design"
"pedagogy:accessibility-by-design","domain","digital-environments"
"pedagogy:accessibility-by-design","domain","special-education"
"pedagogy:accessibility-by-design","lifespanStage","cross-lifespan"
"pedagogy:accessibility-by-design","function","access"
"pedagogy:accessibility-by-design","evidenceStatus","normative-standard"
"pedagogy:accessibility-by-design","recommendationStatus","candidate-default-with-fit-check"
"pedagogy:achievement-goal-orientation","layer","construct"
"pedagogy:achievement-goal-orientation","grainSize","unit-course"
"pedagogy:achievement-goal-orientation","maturity","consolidating"
"pedagogy:achievement-goal-orientation","tradition","motivational-social"
"pedagogy:achievement-goal-orientation","domain","general"
"pedagogy:achievement-goal-orientation","lifespanStage","middle"
"pedagogy:achievement-goal-orientation","lifespanStage","secondary"
"pedagogy:achievement-goal-orientation","lifespanStage","postsecondary"
"pedagogy:achievement-goal-orientation","lifespanStage","adult-workplace"
"pedagogy:achievement-goal-orientation","function","motivate"
"pedagogy:achievement-goal-orientation","function","climate"
"pedagogy:achievement-goal-orientation","function","diagnose"
"pedagogy:achievement-goal-orientation","evidenceStatus","context-dependent"
"pedagogy:achievement-goal-orientation","recommendationStatus","contextual-option"
"pedagogy:actionable-feedback","layer","tactic"
"pedagogy:actionable-feedback","grainSize","micro-move"
"pedagogy:actionable-feedback","maturity","established"
"pedagogy:actionable-feedback","tradition","cognitive"
"pedagogy:actionable-feedback","tradition","motivational-social"
"pedagogy:actionable-feedback","domain","general"
"pedagogy:actionable-feedback","lifespanStage","cross-lifespan"
"pedagogy:actionable-feedback","function","feedback"
"pedagogy:actionable-feedback","evidenceStatus","strong"
"pedagogy:actionable-feedback","recommendationStatus","candidate-default-with-fit-check"
"pedagogy:active-learning-stem","layer","method"
"pedagogy:active-learning-stem","grainSize","lesson"
"pedagogy:active-learning-stem","maturity","established"
"pedagogy:active-learning-stem","tradition","cognitive"
"pedagogy:active-learning-stem","tradition","instructional-design"
"pedagogy:active-learning-stem","domain","science"
"pedagogy:active-learning-stem","domain","mathematics"
"pedagogy:active-learning-stem","domain","engineering-design"
"pedagogy:active-learning-stem","domain","computing"
"pedagogy:active-learning-stem","lifespanStage","postsecondary"
"pedagogy:active-learning-stem","function","practice"
"pedagogy:active-learning-stem","function","feedback"
"pedagogy:active-learning-stem","function","collaborate"
"pedagogy:active-learning-stem","evidenceStatus","strong"
"pedagogy:active-learning-stem","recommendationStatus","candidate-default-with-fit-check"
"pedagogy:adolescent-agency","layer","principle"
"pedagogy:adolescent-agency","grainSize","program-system"
"pedagogy:adolescent-agency","maturity","consolidating"
"pedagogy:adolescent-agency","tradition","developmental"
"pedagogy:adolescent-agency","tradition","motivational-social"
"pedagogy:adolescent-agency","domain","general"
"pedagogy:adolescent-agency","lifespanStage","middle"
"pedagogy:adolescent-agency","lifespanStage","secondary"
"pedagogy:adolescent-agency","function","motivate"
"pedagogy:adolescent-agency","function","climate"
"pedagogy:adolescent-agency","evidenceStatus","context-dependent"
"pedagogy:adolescent-agency","recommendationStatus","contextual-option"
"pedagogy:adolescent-reading-intervention","layer","method"
"pedagogy:adolescent-reading-intervention","grainSize","program-system"
"pedagogy:adolescent-reading-intervention","maturity","established"
"pedagogy:adolescent-reading-intervention","tradition","cognitive"
"pedagogy:adolescent-reading-intervention","tradition","instructional-design"
"pedagogy:adolescent-reading-intervention","domain","literacy"
"pedagogy:adolescent-reading-intervention","domain","special-education"
"pedagogy:adolescent-reading-intervention","lifespanStage","middle"
"pedagogy:adolescent-reading-intervention","lifespanStage","secondary"
"pedagogy:adolescent-reading-intervention","function","diagnose"
"pedagogy:adolescent-reading-intervention","function","practice"
"pedagogy:adolescent-reading-intervention","function","explain"
"pedagogy:adolescent-reading-intervention","evidenceStatus","strong"
"pedagogy:adolescent-reading-intervention","recommendationStatus","candidate-default-with-fit-check"
"pedagogy:adult-competency-frameworks","layer","framework"
"pedagogy:adult-competency-frameworks","grainSize","program-system"
"pedagogy:adult-competency-frameworks","maturity","established"
"pedagogy:adult-competency-frameworks","tradition","psychometric"
"pedagogy:adult-competency-frameworks","domain","professional-workplace"
"pedagogy:adult-competency-frameworks","domain","literacy"
"pedagogy:adult-competency-frameworks","domain","mathematics"
"pedagogy:adult-competency-frameworks","lifespanStage","adult-workplace"
"pedagogy:adult-competency-frameworks","lifespanStage","older-adult"
"pedagogy:adult-competency-frameworks","function","assess"
"pedagogy:adult-competency-frameworks","function","diagnose"
"pedagogy:adult-competency-frameworks","function","access"
"pedagogy:adult-competency-frameworks","evidenceStatus","normative-standard"
"pedagogy:adult-competency-frameworks","recommendationStatus","contextual-option"
"pedagogy:adult-self-directed-learning","layer","principle"
"pedagogy:adult-self-directed-learning","grainSize","program-system"
"pedagogy:adult-self-directed-learning","maturity","consolidating"
"pedagogy:adult-self-directed-learning","tradition","motivational-social"
"pedagogy:adult-self-directed-learning","tradition","instructional-design"
"pedagogy:adult-self-directed-learning","domain","professional-workplace"
"pedagogy:adult-self-directed-learning","domain","general"
"pedagogy:adult-self-directed-learning","lifespanStage","postsecondary"
"pedagogy:adult-self-directed-learning","lifespanStage","adult-workplace"
"pedagogy:adult-self-directed-learning","lifespanStage","older-adult"
"pedagogy:adult-self-directed-learning","function","self-regulate"
"pedagogy:adult-self-directed-learning","function","motivate"
"pedagogy:adult-self-directed-learning","evidenceStatus","context-dependent"
"pedagogy:adult-self-directed-learning","recommendationStatus","contextual-option"
"pedagogy:algebra-instruction-strategies","layer","method"
"pedagogy:algebra-instruction-strategies","grainSize","unit-course"
"pedagogy:algebra-instruction-strategies","maturity","established"
"pedagogy:algebra-instruction-strategies","tradition","cognitive"
"pedagogy:algebra-instruction-strategies","tradition","instructional-design"
"pedagogy:algebra-instruction-strategies","domain","mathematics"
"pedagogy:algebra-instruction-strategies","lifespanStage","middle"
"pedagogy:algebra-instruction-strategies","lifespanStage","secondary"
"pedagogy:algebra-instruction-strategies","function","explain"
"pedagogy:algebra-instruction-strategies","function","practice"
"pedagogy:algebra-instruction-strategies","function","transfer"
"pedagogy:algebra-instruction-strategies","evidenceStatus","strong"
"pedagogy:algebra-instruction-strategies","recommendationStatus","contextual-option"
"pedagogy:analogical-case-comparison","layer","tactic"
"pedagogy:analogical-case-comparison","grainSize","micro-move"
"pedagogy:analogical-case-comparison","maturity","established"
"pedagogy:analogical-case-comparison","tradition","cognitive"
"pedagogy:analogical-case-comparison","domain","general"
"pedagogy:analogical-case-comparison","domain","mathematics"
"pedagogy:analogical-case-comparison","domain","science"
"pedagogy:analogical-case-comparison","domain","professional-workplace"
"pedagogy:analogical-case-comparison","lifespanStage","middle"
"pedagogy:analogical-case-comparison","lifespanStage","secondary"
"pedagogy:analogical-case-comparison","lifespanStage","postsecondary"
"pedagogy:analogical-case-comparison","lifespanStage","adult-workplace"
"pedagogy:analogical-case-comparison","function","transfer"
"pedagogy:analogical-case-comparison","function","explain"
"pedagogy:analogical-case-comparison","evidenceStatus","strong"
"pedagogy:analogical-case-comparison","recommendationStatus","candidate-default-with-fit-check"
"pedagogy:andragogy","layer","theory"
"pedagogy:andragogy","grainSize","unit-course"
"pedagogy:andragogy","maturity","disputed"
"pedagogy:andragogy","tradition","instructional-design"
"pedagogy:andragogy","tradition","motivational-social"
"pedagogy:andragogy","domain","professional-workplace"
"pedagogy:andragogy","domain","general"
"pedagogy:andragogy","lifespanStage","postsecondary"
"pedagogy:andragogy","lifespanStage","adult-workplace"
"pedagogy:andragogy","lifespanStage","older-adult"
"pedagogy:andragogy","function","motivate"
"pedagogy:andragogy","function","sequence"
"pedagogy:andragogy","evidenceStatus","contested"
"pedagogy:andragogy","recommendationStatus","do-not-generalize"
"pedagogy:assessment-fair-access","layer","constraint"
"pedagogy:assessment-fair-access","grainSize","program-system"
"pedagogy:assessment-fair-access","maturity","established"
"pedagogy:assessment-fair-access","tradition","psychometric"
"pedagogy:assessment-fair-access","tradition","critical-equity"
"pedagogy:assessment-fair-access","domain","assessment-measurement"
"pedagogy:assessment-fair-access","domain","special-education"
"pedagogy:assessment-fair-access","lifespanStage","cross-lifespan"
"pedagogy:assessment-fair-access","function","assess"
"pedagogy:assessment-fair-access","function","access"
"pedagogy:assessment-fair-access","evidenceStatus","normative-standard"
"pedagogy:assessment-fair-access","recommendationStatus","candidate-default-with-fit-check"
"pedagogy:assessment-for-learning-strategies","layer","framework"
"pedagogy:assessment-for-learning-strategies","grainSize","lesson"
"pedagogy:assessment-for-learning-strategies","maturity","established"
"pedagogy:assessment-for-learning-strategies","tradition","instructional-design"
"pedagogy:assessment-for-learning-strategies","tradition","psychometric"
"pedagogy:assessment-for-learning-strategies","domain","assessment-measurement"
"pedagogy:assessment-for-learning-strategies","domain","general"
"pedagogy:assessment-for-learning-strategies","lifespanStage","primary"
"pedagogy:assessment-for-learning-strategies","lifespanStage","middle"
"pedagogy:assessment-for-learning-strategies","lifespanStage","secondary"
"pedagogy:assessment-for-learning-strategies","lifespanStage","postsecondary"
"pedagogy:assessment-for-learning-strategies","function","assess"
"pedagogy:assessment-for-learning-strategies","function","feedback"
"pedagogy:assessment-for-learning-strategies","function","self-regulate"
"pedagogy:assessment-for-learning-strategies","function","collaborate"
"pedagogy:assessment-for-learning-strategies","evidenceStatus","strong"
"pedagogy:assessment-for-learning-strategies","recommendationStatus","candidate-default-with-fit-check"
"pedagogy:assessment-triangle","layer","framework"
"pedagogy:assessment-triangle","grainSize","program-system"
"pedagogy:assessment-triangle","maturity","established"
"pedagogy:assessment-triangle","tradition","psychometric"
"pedagogy:assessment-triangle","domain","assessment-measurement"
"pedagogy:assessment-triangle","lifespanStage","cross-lifespan"
"pedagogy:assessment-triangle","function","assess"
"pedagogy:assessment-triangle","evidenceStatus","normative-standard"
"pedagogy:assessment-triangle","recommendationStatus","candidate-default-with-fit-check"
"pedagogy:assessment-validity-precision","layer","constraint"
"pedagogy:assessment-validity-precision","grainSize","program-system"
"pedagogy:assessment-validity-precision","maturity","established"
"pedagogy:assessment-validity-precision","tradition","psychometric"
"pedagogy:assessment-validity-precision","domain","assessment-measurement"
"pedagogy:assessment-validity-precision","lifespanStage","cross-lifespan"
"pedagogy:assessment-validity-precision","function","assess"
"pedagogy:assessment-validity-precision","evidenceStatus","normative-standard"
"pedagogy:assessment-validity-precision","recommendationStatus","candidate-default-with-fit-check"
"pedagogy:attention-and-media-multitasking","layer","construct"
"pedagogy:attention-and-media-multitasking","grainSize","micro-move"
"pedagogy:attention-and-media-multitasking","maturity","consolidating"
"pedagogy:attention-and-media-multitasking","tradition","cognitive"
"pedagogy:attention-and-media-multitasking","tradition","neuroscience"
"pedagogy:attention-and-media-multitasking","domain","general"
"pedagogy:attention-and-media-multitasking","domain","digital-environments"
"pedagogy:attention-and-media-multitasking","lifespanStage","middle"
"pedagogy:attention-and-media-multitasking","lifespanStage","secondary"
"pedagogy:attention-and-media-multitasking","lifespanStage","postsecondary"
"pedagogy:attention-and-media-multitasking","lifespanStage","adult-workplace"
"pedagogy:attention-and-media-multitasking","function","self-regulate"
"pedagogy:attention-and-media-multitasking","function","climate"
"pedagogy:attention-and-media-multitasking","evidenceStatus","context-dependent"
"pedagogy:attention-and-media-multitasking","recommendationStatus","contextual-option"
"pedagogy:belonging-intervention","layer","tactic"
"pedagogy:belonging-intervention","grainSize","micro-move"
"pedagogy:belonging-intervention","maturity","disputed"
"pedagogy:belonging-intervention","tradition","motivational-social"
"pedagogy:belonging-intervention","tradition","critical-equity"
"pedagogy:belonging-intervention","domain","general"
"pedagogy:belonging-intervention","lifespanStage","secondary"
"pedagogy:belonging-intervention","lifespanStage","postsecondary"
"pedagogy:belonging-intervention","function","climate"
"pedagogy:belonging-intervention","function","motivate"
"pedagogy:belonging-intervention","evidenceStatus","contested"
"pedagogy:belonging-intervention","recommendationStatus","experimental-only"
"pedagogy:blended-online-learning","layer","method"
"pedagogy:blended-online-learning","grainSize","program-system"
"pedagogy:blended-online-learning","maturity","established"
"pedagogy:blended-online-learning","tradition","instructional-design"
"pedagogy:blended-online-learning","domain","digital-environments"
"pedagogy:blended-online-learning","domain","general"
"pedagogy:blended-online-learning","domain","professional-workplace"
"pedagogy:blended-online-learning","lifespanStage","secondary"
"pedagogy:blended-online-learning","lifespanStage","postsecondary"
"pedagogy:blended-online-learning","lifespanStage","adult-workplace"
"pedagogy:blended-online-learning","function","sequence"
"pedagogy:blended-online-learning","function","collaborate"
"pedagogy:blended-online-learning","function","access"
"pedagogy:blended-online-learning","evidenceStatus","context-dependent"
"pedagogy:blended-online-learning","recommendationStatus","contextual-option"
"pedagogy:blooms-revised-taxonomy","layer","framework"
"pedagogy:blooms-revised-taxonomy","grainSize","unit-course"
"pedagogy:blooms-revised-taxonomy","maturity","established"
"pedagogy:blooms-revised-taxonomy","tradition","instructional-design"
"pedagogy:blooms-revised-taxonomy","tradition","psychometric"
"pedagogy:blooms-revised-taxonomy","domain","general"
"pedagogy:blooms-revised-taxonomy","domain","assessment-measurement"
"pedagogy:blooms-revised-taxonomy","lifespanStage","cross-lifespan"
"pedagogy:blooms-revised-taxonomy","function","sequence"
"pedagogy:blooms-revised-taxonomy","function","assess"
"pedagogy:blooms-revised-taxonomy","evidenceStatus","normative-standard"
"pedagogy:blooms-revised-taxonomy","recommendationStatus","contextual-option"
"pedagogy:brain-training-transfer","layer","anti-pattern"
"pedagogy:brain-training-transfer","grainSize","program-system"
"pedagogy:brain-training-transfer","maturity","deprecated"
"pedagogy:brain-training-transfer","tradition","cognitive"
"pedagogy:brain-training-transfer","tradition","neuroscience"
"pedagogy:brain-training-transfer","domain","general"
"pedagogy:brain-training-transfer","domain","special-education"
"pedagogy:brain-training-transfer","domain","digital-environments"
"pedagogy:brain-training-transfer","lifespanStage","cross-lifespan"
"pedagogy:brain-training-transfer","function","practice"
"pedagogy:brain-training-transfer","evidenceStatus","refuted"
"pedagogy:brain-training-transfer","recommendationStatus","avoid"
"pedagogy:checking-for-understanding","layer","tactic"
"pedagogy:checking-for-understanding","grainSize","micro-move"
"pedagogy:checking-for-understanding","maturity","established"
"pedagogy:checking-for-understanding","tradition","instructional-design"
"pedagogy:checking-for-understanding","tradition","psychometric"
"pedagogy:checking-for-understanding","domain","general"
"pedagogy:checking-for-understanding","lifespanStage","primary"
"pedagogy:checking-for-understanding","lifespanStage","middle"
"pedagogy:checking-for-understanding","lifespanStage","secondary"
"pedagogy:checking-for-understanding","lifespanStage","postsecondary"
"pedagogy:checking-for-understanding","lifespanStage","adult-workplace"
"pedagogy:checking-for-understanding","function","diagnose"
"pedagogy:checking-for-understanding","function","feedback"
"pedagogy:checking-for-understanding","function","assess"
"pedagogy:checking-for-understanding","evidenceStatus","strong"
"pedagogy:checking-for-understanding","recommendationStatus","candidate-default-with-fit-check"
"pedagogy:classroom-climate","layer","construct"
"pedagogy:classroom-climate","grainSize","program-system"
"pedagogy:classroom-climate","maturity","consolidating"
"pedagogy:classroom-climate","tradition","sociocultural"
"pedagogy:classroom-climate","tradition","motivational-social"
"pedagogy:classroom-climate","domain","general"
"pedagogy:classroom-climate","lifespanStage","primary"
"pedagogy:classroom-climate","lifespanStage","middle"
"pedagogy:classroom-climate","lifespanStage","secondary"
"pedagogy:classroom-climate","function","climate"
"pedagogy:classroom-climate","function","access"
"pedagogy:classroom-climate","evidenceStatus","context-dependent"
"pedagogy:classroom-climate","recommendationStatus","contextual-option"
"pedagogy:classroom-management","layer","method"
"pedagogy:classroom-management","grainSize","unit-course"
"pedagogy:classroom-management","maturity","established"
"pedagogy:classroom-management","tradition","behavioral"
"pedagogy:classroom-management","tradition","instructional-design"
"pedagogy:classroom-management","domain","general"
"pedagogy:classroom-management","domain","special-education"
"pedagogy:classroom-management","lifespanStage","primary"
"pedagogy:classroom-management","lifespanStage","middle"
"pedagogy:classroom-management","lifespanStage","secondary"
"pedagogy:classroom-management","function","climate"
"pedagogy:classroom-management","function","sequence"
"pedagogy:classroom-management","evidenceStatus","strong"
"pedagogy:classroom-management","recommendationStatus","candidate-default-with-fit-check"
"pedagogy:cognitive-aging-and-learning","layer","construct"
"pedagogy:cognitive-aging-and-learning","grainSize","unit-course"
"pedagogy:cognitive-aging-and-learning","maturity","established"
"pedagogy:cognitive-aging-and-learning","tradition","developmental"
"pedagogy:cognitive-aging-and-learning","tradition","cognitive"
"pedagogy:cognitive-aging-and-learning","domain","general"
"pedagogy:cognitive-aging-and-learning","domain","health"
"pedagogy:cognitive-aging-and-learning","domain","professional-workplace"
"pedagogy:cognitive-aging-and-learning","lifespanStage","older-adult"
"pedagogy:cognitive-aging-and-learning","lifespanStage","adult-workplace"
"pedagogy:cognitive-aging-and-learning","function","access"
"pedagogy:cognitive-aging-and-learning","function","sequence"
"pedagogy:cognitive-aging-and-learning","function","practice"
"pedagogy:cognitive-aging-and-learning","evidenceStatus","strong"
"pedagogy:cognitive-aging-and-learning","recommendationStatus","candidate-default-with-fit-check"
"pedagogy:cognitive-load-design","layer","principle"
"pedagogy:cognitive-load-design","grainSize","lesson"
"pedagogy:cognitive-load-design","maturity","consolidating"
"pedagogy:cognitive-load-design","tradition","cognitive"
"pedagogy:cognitive-load-design","domain","general"
"pedagogy:cognitive-load-design","domain","digital-environments"
"pedagogy:cognitive-load-design","lifespanStage","cross-lifespan"
"pedagogy:cognitive-load-design","function","explain"
"pedagogy:cognitive-load-design","function","sequence"
"pedagogy:cognitive-load-design","evidenceStatus","context-dependent"
"pedagogy:cognitive-load-design","recommendationStatus","contextual-option"
"pedagogy:cognitive-load-theory","layer","theory"
"pedagogy:cognitive-load-theory","grainSize","lesson"
"pedagogy:cognitive-load-theory","maturity","consolidating"
"pedagogy:cognitive-load-theory","tradition","cognitive"
"pedagogy:cognitive-load-theory","domain","general"
"pedagogy:cognitive-load-theory","lifespanStage","cross-lifespan"
"pedagogy:cognitive-load-theory","function","explain"
"pedagogy:cognitive-load-theory","function","sequence"
"pedagogy:cognitive-load-theory","evidenceStatus","context-dependent"
"pedagogy:cognitive-load-theory","recommendationStatus","contextual-option"
"pedagogy:computational-thinking-transfer","layer","construct"
"pedagogy:computational-thinking-transfer","grainSize","program-system"
"pedagogy:computational-thinking-transfer","maturity","consolidating"
"pedagogy:computational-thinking-transfer","tradition","cognitive"
"pedagogy:computational-thinking-transfer","domain","computing"
"pedagogy:computational-thinking-transfer","domain","general"
"pedagogy:computational-thinking-transfer","lifespanStage","primary"
"pedagogy:computational-thinking-transfer","lifespanStage","middle"
"pedagogy:computational-thinking-transfer","lifespanStage","secondary"
"pedagogy:computational-thinking-transfer","lifespanStage","postsecondary"
"pedagogy:computational-thinking-transfer","function","transfer"
"pedagogy:computational-thinking-transfer","evidenceStatus","context-dependent"
"pedagogy:computational-thinking-transfer","recommendationStatus","do-not-generalize"
"pedagogy:computing-practices","layer","framework"
"pedagogy:computing-practices","grainSize","program-system"
"pedagogy:computing-practices","maturity","consolidating"
"pedagogy:computing-practices","tradition","instructional-design"
"pedagogy:computing-practices","tradition","constructivist"
"pedagogy:computing-practices","domain","computing"
"pedagogy:computing-practices","lifespanStage","primary"
"pedagogy:computing-practices","lifespanStage","middle"
"pedagogy:computing-practices","lifespanStage","secondary"
"pedagogy:computing-practices","function","practice"
"pedagogy:computing-practices","function","transfer"
"pedagogy:computing-practices","evidenceStatus","context-dependent"
"pedagogy:computing-practices","recommendationStatus","contextual-option"
"pedagogy:concept-mapping","layer","tactic"
"pedagogy:concept-mapping","grainSize","micro-move"
"pedagogy:concept-mapping","maturity","established"
"pedagogy:concept-mapping","tradition","cognitive"
"pedagogy:concept-mapping","tradition","constructivist"
"pedagogy:concept-mapping","domain","general"
"pedagogy:concept-mapping","domain","science"
"pedagogy:concept-mapping","lifespanStage","primary"
"pedagogy:concept-mapping","lifespanStage","middle"
"pedagogy:concept-mapping","lifespanStage","secondary"
"pedagogy:concept-mapping","lifespanStage","postsecondary"
"pedagogy:concept-mapping","function","consolidate"
"pedagogy:concept-mapping","function","explain"
"pedagogy:concept-mapping","evidenceStatus","context-dependent"
"pedagogy:concept-mapping","recommendationStatus","contextual-option"
"pedagogy:conceptual-change","layer","theory"
"pedagogy:conceptual-change","grainSize","unit-course"
"pedagogy:conceptual-change","maturity","consolidating"
"pedagogy:conceptual-change","tradition","constructivist"
"pedagogy:conceptual-change","tradition","cognitive"
"pedagogy:conceptual-change","domain","science"
"pedagogy:conceptual-change","domain","mathematics"
"pedagogy:conceptual-change","domain","general"
"pedagogy:conceptual-change","lifespanStage","primary"
"pedagogy:conceptual-change","lifespanStage","middle"
"pedagogy:conceptual-change","lifespanStage","secondary"
"pedagogy:conceptual-change","lifespanStage","postsecondary"
"pedagogy:conceptual-change","function","diagnose"
"pedagogy:conceptual-change","function","explain"
"pedagogy:conceptual-change","function","transfer"
"pedagogy:conceptual-change","evidenceStatus","context-dependent"
"pedagogy:conceptual-change","recommendationStatus","contextual-option"
"pedagogy:conceptual-procedural-iteration","layer","principle"
"pedagogy:conceptual-procedural-iteration","grainSize","unit-course"
"pedagogy:conceptual-procedural-iteration","maturity","established"
"pedagogy:conceptual-procedural-iteration","tradition","cognitive"
"pedagogy:conceptual-procedural-iteration","tradition","developmental"
"pedagogy:conceptual-procedural-iteration","domain","mathematics"
"pedagogy:conceptual-procedural-iteration","domain","science"
"pedagogy:conceptual-procedural-iteration","lifespanStage","primary"
"pedagogy:conceptual-procedural-iteration","lifespanStage","middle"
"pedagogy:conceptual-procedural-iteration","lifespanStage","secondary"
"pedagogy:conceptual-procedural-iteration","function","sequence"
"pedagogy:conceptual-procedural-iteration","function","explain"
"pedagogy:conceptual-procedural-iteration","function","practice"
"pedagogy:conceptual-procedural-iteration","evidenceStatus","strong"
"pedagogy:conceptual-procedural-iteration","recommendationStatus","candidate-default-with-fit-check"
"pedagogy:concrete-abstract-linking","layer","tactic"
"pedagogy:concrete-abstract-linking","grainSize","lesson"
"pedagogy:concrete-abstract-linking","maturity","consolidating"
"pedagogy:concrete-abstract-linking","tradition","cognitive"
"pedagogy:concrete-abstract-linking","tradition","developmental"
"pedagogy:concrete-abstract-linking","domain","mathematics"
"pedagogy:concrete-abstract-linking","domain","science"
"pedagogy:concrete-abstract-linking","lifespanStage","preschool"
"pedagogy:concrete-abstract-linking","lifespanStage","primary"
"pedagogy:concrete-abstract-linking","lifespanStage","middle"
"pedagogy:concrete-abstract-linking","lifespanStage","secondary"
"pedagogy:concrete-abstract-linking","function","explain"
"pedagogy:concrete-abstract-linking","function","transfer"
"pedagogy:concrete-abstract-linking","evidenceStatus","context-dependent"
"pedagogy:concrete-abstract-linking","recommendationStatus","contextual-option"
"pedagogy:contextual-interference","layer","principle"
"pedagogy:contextual-interference","grainSize","lesson"
"pedagogy:contextual-interference","maturity","established"
"pedagogy:contextual-interference","tradition","cognitive"
"pedagogy:contextual-interference","tradition","behavioral"
"pedagogy:contextual-interference","domain","physical-motor"
"pedagogy:contextual-interference","domain","music"
"pedagogy:contextual-interference","domain","health"
"pedagogy:contextual-interference","domain","professional-workplace"
"pedagogy:contextual-interference","lifespanStage","cross-lifespan"
"pedagogy:contextual-interference","function","practice"
"pedagogy:contextual-interference","function","consolidate"
"pedagogy:contextual-interference","function","transfer"
"pedagogy:contextual-interference","evidenceStatus","strong"
"pedagogy:contextual-interference","recommendationStatus","candidate-default-with-fit-check"
"pedagogy:contingent-scaffolding","layer","tactic"
"pedagogy:contingent-scaffolding","grainSize","lesson"
"pedagogy:contingent-scaffolding","maturity","consolidating"
"pedagogy:contingent-scaffolding","tradition","sociocultural"
"pedagogy:contingent-scaffolding","tradition","cognitive"
"pedagogy:contingent-scaffolding","domain","general"
"pedagogy:contingent-scaffolding","lifespanStage","cross-lifespan"
"pedagogy:contingent-scaffolding","function","explain"
"pedagogy:contingent-scaffolding","function","practice"
"pedagogy:contingent-scaffolding","evidenceStatus","context-dependent"
"pedagogy:contingent-scaffolding","recommendationStatus","contextual-option"
"pedagogy:contrasting-cases-invention","layer","tactic"
"pedagogy:contrasting-cases-invention","grainSize","lesson"
"pedagogy:contrasting-cases-invention","maturity","consolidating"
"pedagogy:contrasting-cases-invention","tradition","constructivist"
"pedagogy:contrasting-cases-invention","tradition","cognitive"
"pedagogy:contrasting-cases-invention","domain","mathematics"
"pedagogy:contrasting-cases-invention","domain","science"
"pedagogy:contrasting-cases-invention","domain","general"
"pedagogy:contrasting-cases-invention","lifespanStage","middle"
"pedagogy:contrasting-cases-invention","lifespanStage","secondary"
"pedagogy:contrasting-cases-invention","lifespanStage","postsecondary"
"pedagogy:contrasting-cases-invention","function","transfer"
"pedagogy:contrasting-cases-invention","function","practice"
"pedagogy:contrasting-cases-invention","function","explain"
"pedagogy:contrasting-cases-invention","evidenceStatus","context-dependent"
"pedagogy:contrasting-cases-invention","recommendationStatus","contextual-option"
"pedagogy:cooperative-structures","layer","method"
"pedagogy:cooperative-structures","grainSize","lesson"
"pedagogy:cooperative-structures","maturity","established"
"pedagogy:cooperative-structures","tradition","sociocultural"
"pedagogy:cooperative-structures","tradition","motivational-social"
"pedagogy:cooperative-structures","domain","general"
"pedagogy:cooperative-structures","domain","science"
"pedagogy:cooperative-structures","domain","mathematics"
"pedagogy:cooperative-structures","lifespanStage","primary"
"pedagogy:cooperative-structures","lifespanStage","middle"
"pedagogy:cooperative-structures","lifespanStage","secondary"
"pedagogy:cooperative-structures","lifespanStage","postsecondary"
"pedagogy:cooperative-structures","function","collaborate"
"pedagogy:cooperative-structures","function","practice"
"pedagogy:cooperative-structures","function","climate"
"pedagogy:cooperative-structures","evidenceStatus","strong"
"pedagogy:cooperative-structures","recommendationStatus","candidate-default-with-fit-check"
"pedagogy:curriculum-based-measurement","layer","measure"
"pedagogy:curriculum-based-measurement","grainSize","program-system"
"pedagogy:curriculum-based-measurement","maturity","established"
"pedagogy:curriculum-based-measurement","tradition","psychometric"
"pedagogy:curriculum-based-measurement","tradition","behavioral"
"pedagogy:curriculum-based-measurement","domain","assessment-measurement"
"pedagogy:curriculum-based-measurement","domain","literacy"
"pedagogy:curriculum-based-measurement","domain","mathematics"
"pedagogy:curriculum-based-measurement","domain","special-education"
"pedagogy:curriculum-based-measurement","lifespanStage","primary"
"pedagogy:curriculum-based-measurement","lifespanStage","middle"
"pedagogy:curriculum-based-measurement","lifespanStage","secondary"
"pedagogy:curriculum-based-measurement","function","assess"
"pedagogy:curriculum-based-measurement","function","diagnose"
"pedagogy:curriculum-based-measurement","function","sequence"
"pedagogy:curriculum-based-measurement","evidenceStatus","context-dependent"
"pedagogy:curriculum-based-measurement","recommendationStatus","candidate-default-with-fit-check"
"pedagogy:deeper-learning-competencies","layer","framework"
"pedagogy:deeper-learning-competencies","grainSize","program-system"
"pedagogy:deeper-learning-competencies","maturity","consolidating"
"pedagogy:deeper-learning-competencies","tradition","cognitive"
"pedagogy:deeper-learning-competencies","tradition","instructional-design"
"pedagogy:deeper-learning-competencies","domain","general"
"pedagogy:deeper-learning-competencies","lifespanStage","middle"
"pedagogy:deeper-learning-competencies","lifespanStage","secondary"
"pedagogy:deeper-learning-competencies","lifespanStage","postsecondary"
"pedagogy:deeper-learning-competencies","lifespanStage","adult-workplace"
"pedagogy:deeper-learning-competencies","function","transfer"
"pedagogy:deeper-learning-competencies","function","sequence"
"pedagogy:deeper-learning-competencies","evidenceStatus","context-dependent"
"pedagogy:deeper-learning-competencies","recommendationStatus","contextual-option"
"pedagogy:delayed-transfer-assessment","layer","tactic"
"pedagogy:delayed-transfer-assessment","grainSize","unit-course"
"pedagogy:delayed-transfer-assessment","maturity","established"
"pedagogy:delayed-transfer-assessment","tradition","psychometric"
"pedagogy:delayed-transfer-assessment","tradition","cognitive"
"pedagogy:delayed-transfer-assessment","domain","assessment-measurement"
"pedagogy:delayed-transfer-assessment","domain","general"
"pedagogy:delayed-transfer-assessment","lifespanStage","cross-lifespan"
"pedagogy:delayed-transfer-assessment","function","assess"
"pedagogy:delayed-transfer-assessment","function","transfer"
"pedagogy:delayed-transfer-assessment","evidenceStatus","context-dependent"
"pedagogy:delayed-transfer-assessment","recommendationStatus","candidate-default-with-fit-check"
"pedagogy:deliberate-practice-bounds","layer","tactic"
"pedagogy:deliberate-practice-bounds","grainSize","program-system"
"pedagogy:deliberate-practice-bounds","maturity","disputed"
"pedagogy:deliberate-practice-bounds","tradition","cognitive"
"pedagogy:deliberate-practice-bounds","tradition","behavioral"
"pedagogy:deliberate-practice-bounds","domain","music"
"pedagogy:deliberate-practice-bounds","domain","physical-motor"
"pedagogy:deliberate-practice-bounds","domain","professional-workplace"
"pedagogy:deliberate-practice-bounds","lifespanStage","middle"
"pedagogy:deliberate-practice-bounds","lifespanStage","secondary"
"pedagogy:deliberate-practice-bounds","lifespanStage","postsecondary"
"pedagogy:deliberate-practice-bounds","lifespanStage","adult-workplace"
"pedagogy:deliberate-practice-bounds","function","practice"
"pedagogy:deliberate-practice-bounds","function","feedback"
"pedagogy:deliberate-practice-bounds","evidenceStatus","contested"
"pedagogy:deliberate-practice-bounds","recommendationStatus","do-not-generalize"
"pedagogy:deliberate-practice-theory","layer","theory"
"pedagogy:deliberate-practice-theory","grainSize","program-system"
"pedagogy:deliberate-practice-theory","maturity","disputed"
"pedagogy:deliberate-practice-theory","tradition","cognitive"
"pedagogy:deliberate-practice-theory","tradition","behavioral"
"pedagogy:deliberate-practice-theory","domain","music"
"pedagogy:deliberate-practice-theory","domain","physical-motor"
"pedagogy:deliberate-practice-theory","domain","professional-workplace"
"pedagogy:deliberate-practice-theory","domain","general"
"pedagogy:deliberate-practice-theory","lifespanStage","primary"
"pedagogy:deliberate-practice-theory","lifespanStage","middle"
"pedagogy:deliberate-practice-theory","lifespanStage","secondary"
"pedagogy:deliberate-practice-theory","lifespanStage","postsecondary"
"pedagogy:deliberate-practice-theory","lifespanStage","adult-workplace"
"pedagogy:deliberate-practice-theory","function","practice"
"pedagogy:deliberate-practice-theory","function","feedback"
"pedagogy:deliberate-practice-theory","evidenceStatus","contested"
"pedagogy:deliberate-practice-theory","recommendationStatus","do-not-generalize"
"pedagogy:desirable-difficulties","layer","principle"
"pedagogy:desirable-difficulties","grainSize","lesson"
"pedagogy:desirable-difficulties","maturity","established"
"pedagogy:desirable-difficulties","tradition","cognitive"
"pedagogy:desirable-difficulties","domain","general"
"pedagogy:desirable-difficulties","lifespanStage","primary"
"pedagogy:desirable-difficulties","lifespanStage","middle"
"pedagogy:desirable-difficulties","lifespanStage","secondary"
"pedagogy:desirable-difficulties","lifespanStage","postsecondary"
"pedagogy:desirable-difficulties","lifespanStage","adult-workplace"
"pedagogy:desirable-difficulties","function","practice"
"pedagogy:desirable-difficulties","function","consolidate"
"pedagogy:desirable-difficulties","function","transfer"
"pedagogy:desirable-difficulties","evidenceStatus","strong"
"pedagogy:desirable-difficulties","recommendationStatus","candidate-default-with-fit-check"
"pedagogy:developmental-context-calibration","layer","constraint"
"pedagogy:developmental-context-calibration","grainSize","program-system"
"pedagogy:developmental-context-calibration","maturity","established"
"pedagogy:developmental-context-calibration","tradition","developmental"
"pedagogy:developmental-context-calibration","tradition","critical-equity"
"pedagogy:developmental-context-calibration","domain","general"
"pedagogy:developmental-context-calibration","lifespanStage","cross-lifespan"
"pedagogy:developmental-context-calibration","function","diagnose"
"pedagogy:developmental-context-calibration","function","access"
"pedagogy:developmental-context-calibration","evidenceStatus","strong"
"pedagogy:developmental-context-calibration","recommendationStatus","candidate-default-with-fit-check"
"pedagogy:dialogic-shared-reading","layer","tactic"
"pedagogy:dialogic-shared-reading","grainSize","micro-move"
"pedagogy:dialogic-shared-reading","maturity","established"
"pedagogy:dialogic-shared-reading","tradition","developmental"
"pedagogy:dialogic-shared-reading","tradition","sociocultural"
"pedagogy:dialogic-shared-reading","domain","literacy"
"pedagogy:dialogic-shared-reading","domain","multilingual"
"pedagogy:dialogic-shared-reading","lifespanStage","infancy-toddler"
"pedagogy:dialogic-shared-reading","lifespanStage","preschool"
"pedagogy:dialogic-shared-reading","function","practice"
"pedagogy:dialogic-shared-reading","function","feedback"
"pedagogy:dialogic-shared-reading","function","explain"
"pedagogy:dialogic-shared-reading","evidenceStatus","strong"
"pedagogy:dialogic-shared-reading","recommendationStatus","candidate-default-with-fit-check"
"pedagogy:differentiated-instruction","layer","method"
"pedagogy:differentiated-instruction","grainSize","lesson"
"pedagogy:differentiated-instruction","maturity","consolidating"
"pedagogy:differentiated-instruction","tradition","instructional-design"
"pedagogy:differentiated-instruction","tradition","critical-equity"
"pedagogy:differentiated-instruction","domain","general"
"pedagogy:differentiated-instruction","domain","mathematics"
"pedagogy:differentiated-instruction","domain","literacy"
"pedagogy:differentiated-instruction","lifespanStage","primary"
"pedagogy:differentiated-instruction","lifespanStage","middle"
"pedagogy:differentiated-instruction","lifespanStage","secondary"
"pedagogy:differentiated-instruction","function","diagnose"
"pedagogy:differentiated-instruction","function","sequence"
"pedagogy:differentiated-instruction","function","access"
"pedagogy:differentiated-instruction","evidenceStatus","context-dependent"
"pedagogy:differentiated-instruction","recommendationStatus","contextual-option"
"pedagogy:digital-natives-myth","layer","anti-pattern"
"pedagogy:digital-natives-myth","grainSize","program-system"
"pedagogy:digital-natives-myth","maturity","deprecated"
"pedagogy:digital-natives-myth","tradition","cognitive"
"pedagogy:digital-natives-myth","domain","digital-environments"
"pedagogy:digital-natives-myth","domain","general"
"pedagogy:digital-natives-myth","domain","teacher-development"
"pedagogy:digital-natives-myth","lifespanStage","middle"
"pedagogy:digital-natives-myth","lifespanStage","secondary"
"pedagogy:digital-natives-myth","lifespanStage","postsecondary"
"pedagogy:digital-natives-myth","lifespanStage","adult-workplace"
"pedagogy:digital-natives-myth","function","diagnose"
"pedagogy:digital-natives-myth","function","explain"
"pedagogy:digital-natives-myth","evidenceStatus","refuted"
"pedagogy:digital-natives-myth","recommendationStatus","avoid"
"pedagogy:disciplinary-literacy","layer","framework"
"pedagogy:disciplinary-literacy","grainSize","unit-course"
"pedagogy:disciplinary-literacy","maturity","consolidating"
"pedagogy:disciplinary-literacy","tradition","sociocultural"
"pedagogy:disciplinary-literacy","tradition","cognitive"
"pedagogy:disciplinary-literacy","domain","literacy"
"pedagogy:disciplinary-literacy","domain","history-social-studies"
"pedagogy:disciplinary-literacy","domain","science"
"pedagogy:disciplinary-literacy","domain","mathematics"
"pedagogy:disciplinary-literacy","lifespanStage","middle"
"pedagogy:disciplinary-literacy","lifespanStage","secondary"
"pedagogy:disciplinary-literacy","lifespanStage","postsecondary"
"pedagogy:disciplinary-literacy","function","explain"
"pedagogy:disciplinary-literacy","function","transfer"
"pedagogy:disciplinary-literacy","evidenceStatus","context-dependent"
"pedagogy:disciplinary-literacy","recommendationStatus","contextual-option"
"pedagogy:dual-coding","layer","theory"
"pedagogy:dual-coding","grainSize","micro-move"
"pedagogy:dual-coding","maturity","established"
"pedagogy:dual-coding","tradition","cognitive"
"pedagogy:dual-coding","domain","general"
"pedagogy:dual-coding","lifespanStage","cross-lifespan"
"pedagogy:dual-coding","function","explain"
"pedagogy:dual-coding","function","consolidate"
"pedagogy:dual-coding","evidenceStatus","context-dependent"
"pedagogy:dual-coding","recommendationStatus","contextual-option"
"pedagogy:early-intentional-practice","layer","principle"
"pedagogy:early-intentional-practice","grainSize","program-system"
"pedagogy:early-intentional-practice","maturity","established"
"pedagogy:early-intentional-practice","tradition","developmental"
"pedagogy:early-intentional-practice","tradition","instructional-design"
"pedagogy:early-intentional-practice","domain","general"
"pedagogy:early-intentional-practice","lifespanStage","preschool"
"pedagogy:early-intentional-practice","function","practice"
"pedagogy:early-intentional-practice","function","sequence"
"pedagogy:early-intentional-practice","evidenceStatus","strong"
"pedagogy:early-intentional-practice","recommendationStatus","candidate-default-with-fit-check"
"pedagogy:early-math-progression","layer","framework"
"pedagogy:early-math-progression","grainSize","unit-course"
"pedagogy:early-math-progression","maturity","consolidating"
"pedagogy:early-math-progression","tradition","developmental"
"pedagogy:early-math-progression","domain","mathematics"
"pedagogy:early-math-progression","lifespanStage","preschool"
"pedagogy:early-math-progression","lifespanStage","primary"
"pedagogy:early-math-progression","function","sequence"
"pedagogy:early-math-progression","function","diagnose"
"pedagogy:early-math-progression","evidenceStatus","context-dependent"
"pedagogy:early-math-progression","recommendationStatus","contextual-option"
"pedagogy:early-number-magnitude","layer","principle"
"pedagogy:early-number-magnitude","grainSize","lesson"
"pedagogy:early-number-magnitude","maturity","established"
"pedagogy:early-number-magnitude","tradition","cognitive"
"pedagogy:early-number-magnitude","tradition","developmental"
"pedagogy:early-number-magnitude","domain","mathematics"
"pedagogy:early-number-magnitude","lifespanStage","preschool"
"pedagogy:early-number-magnitude","lifespanStage","primary"
"pedagogy:early-number-magnitude","lifespanStage","middle"
"pedagogy:early-number-magnitude","function","diagnose"
"pedagogy:early-number-magnitude","function","practice"
"pedagogy:early-number-magnitude","function","explain"
"pedagogy:early-number-magnitude","evidenceStatus","strong"
"pedagogy:early-number-magnitude","recommendationStatus","candidate-default-with-fit-check"
"pedagogy:early-science-engineering","layer","framework"
"pedagogy:early-science-engineering","grainSize","unit-course"
"pedagogy:early-science-engineering","maturity","consolidating"
"pedagogy:early-science-engineering","tradition","developmental"
"pedagogy:early-science-engineering","tradition","constructivist"
"pedagogy:early-science-engineering","domain","science"
"pedagogy:early-science-engineering","domain","engineering-design"
"pedagogy:early-science-engineering","lifespanStage","preschool"
"pedagogy:early-science-engineering","lifespanStage","primary"
"pedagogy:early-science-engineering","function","explain"
"pedagogy:early-science-engineering","function","practice"
"pedagogy:early-science-engineering","function","collaborate"
"pedagogy:early-science-engineering","evidenceStatus","context-dependent"
"pedagogy:early-science-engineering","recommendationStatus","contextual-option"
"pedagogy:early-vocabulary-instruction","layer","tactic"
"pedagogy:early-vocabulary-instruction","grainSize","lesson"
"pedagogy:early-vocabulary-instruction","maturity","established"
"pedagogy:early-vocabulary-instruction","tradition","cognitive"
"pedagogy:early-vocabulary-instruction","tradition","sociocultural"
"pedagogy:early-vocabulary-instruction","domain","literacy"
"pedagogy:early-vocabulary-instruction","domain","multilingual"
"pedagogy:early-vocabulary-instruction","lifespanStage","preschool"
"pedagogy:early-vocabulary-instruction","lifespanStage","primary"
"pedagogy:early-vocabulary-instruction","function","explain"
"pedagogy:early-vocabulary-instruction","function","practice"
"pedagogy:early-vocabulary-instruction","evidenceStatus","strong"
"pedagogy:early-vocabulary-instruction","recommendationStatus","candidate-default-with-fit-check"
"pedagogy:elaborative-interrogation","layer","tactic"
"pedagogy:elaborative-interrogation","grainSize","micro-move"
"pedagogy:elaborative-interrogation","maturity","established"
"pedagogy:elaborative-interrogation","tradition","cognitive"
"pedagogy:elaborative-interrogation","domain","general"
"pedagogy:elaborative-interrogation","domain","science"
"pedagogy:elaborative-interrogation","lifespanStage","primary"
"pedagogy:elaborative-interrogation","lifespanStage","middle"
"pedagogy:elaborative-interrogation","lifespanStage","secondary"
"pedagogy:elaborative-interrogation","lifespanStage","postsecondary"
"pedagogy:elaborative-interrogation","function","practice"
"pedagogy:elaborative-interrogation","function","consolidate"
"pedagogy:elaborative-interrogation","evidenceStatus","context-dependent"
"pedagogy:elaborative-interrogation","recommendationStatus","contextual-option"
"pedagogy:engagement-construct","layer","construct"
"pedagogy:engagement-construct","grainSize","unit-course"
"pedagogy:engagement-construct","maturity","established"
"pedagogy:engagement-construct","tradition","motivational-social"
"pedagogy:engagement-construct","tradition","sociocultural"
"pedagogy:engagement-construct","domain","general"
"pedagogy:engagement-construct","domain","digital-environments"
"pedagogy:engagement-construct","lifespanStage","primary"
"pedagogy:engagement-construct","lifespanStage","middle"
"pedagogy:engagement-construct","lifespanStage","secondary"
"pedagogy:engagement-construct","lifespanStage","postsecondary"
"pedagogy:engagement-construct","function","diagnose"
"pedagogy:engagement-construct","function","climate"
"pedagogy:engagement-construct","evidenceStatus","strong"
"pedagogy:engagement-construct","recommendationStatus","contextual-option"
"pedagogy:errorful-learning","layer","tactic"
"pedagogy:errorful-learning","grainSize","micro-move"
"pedagogy:errorful-learning","maturity","established"
"pedagogy:errorful-learning","tradition","cognitive"
"pedagogy:errorful-learning","domain","general"
"pedagogy:errorful-learning","lifespanStage","cross-lifespan"
"pedagogy:errorful-learning","function","feedback"
"pedagogy:errorful-learning","function","practice"
"pedagogy:errorful-learning","function","climate"
"pedagogy:errorful-learning","evidenceStatus","strong"
"pedagogy:errorful-learning","recommendationStatus","candidate-default-with-fit-check"
"pedagogy:executive-function-curricula","layer","method"
"pedagogy:executive-function-curricula","grainSize","program-system"
"pedagogy:executive-function-curricula","maturity","disputed"
"pedagogy:executive-function-curricula","tradition","developmental"
"pedagogy:executive-function-curricula","tradition","instructional-design"
"pedagogy:executive-function-curricula","domain","general"
"pedagogy:executive-function-curricula","domain","special-education"
"pedagogy:executive-function-curricula","lifespanStage","preschool"
"pedagogy:executive-function-curricula","lifespanStage","primary"
"pedagogy:executive-function-curricula","function","self-regulate"
"pedagogy:executive-function-curricula","function","climate"
"pedagogy:executive-function-curricula","evidenceStatus","contested"
"pedagogy:executive-function-curricula","recommendationStatus","experimental-only"
"pedagogy:executive-function-development","layer","construct"
"pedagogy:executive-function-development","grainSize","program-system"
"pedagogy:executive-function-development","maturity","established"
"pedagogy:executive-function-development","tradition","developmental"
"pedagogy:executive-function-development","tradition","neuroscience"
"pedagogy:executive-function-development","domain","general"
"pedagogy:executive-function-development","domain","special-education"
"pedagogy:executive-function-development","lifespanStage","preschool"
"pedagogy:executive-function-development","lifespanStage","primary"
"pedagogy:executive-function-development","lifespanStage","middle"
"pedagogy:executive-function-development","function","diagnose"
"pedagogy:executive-function-development","function","self-regulate"
"pedagogy:executive-function-development","function","sequence"
"pedagogy:executive-function-development","evidenceStatus","strong"
"pedagogy:executive-function-development","recommendationStatus","candidate-default-with-fit-check"
"pedagogy:expectancy-value-theory","layer","theory"
"pedagogy:expectancy-value-theory","grainSize","unit-course"
"pedagogy:expectancy-value-theory","maturity","established"
"pedagogy:expectancy-value-theory","tradition","motivational-social"
"pedagogy:expectancy-value-theory","tradition","developmental"
"pedagogy:expectancy-value-theory","domain","general"
"pedagogy:expectancy-value-theory","lifespanStage","primary"
"pedagogy:expectancy-value-theory","lifespanStage","middle"
"pedagogy:expectancy-value-theory","lifespanStage","secondary"
"pedagogy:expectancy-value-theory","lifespanStage","postsecondary"
"pedagogy:expectancy-value-theory","lifespanStage","adult-workplace"
"pedagogy:expectancy-value-theory","function","motivate"
"pedagogy:expectancy-value-theory","function","diagnose"
"pedagogy:expectancy-value-theory","evidenceStatus","context-dependent"
"pedagogy:expectancy-value-theory","recommendationStatus","candidate-default-with-fit-check"
"pedagogy:expertise-reversal","layer","principle"
"pedagogy:expertise-reversal","grainSize","unit-course"
"pedagogy:expertise-reversal","maturity","established"
"pedagogy:expertise-reversal","tradition","cognitive"
"pedagogy:expertise-reversal","tradition","instructional-design"
"pedagogy:expertise-reversal","domain","general"
"pedagogy:expertise-reversal","lifespanStage","cross-lifespan"
"pedagogy:expertise-reversal","function","sequence"
"pedagogy:expertise-reversal","function","practice"
"pedagogy:expertise-reversal","evidenceStatus","strong"
"pedagogy:expertise-reversal","recommendationStatus","candidate-default-with-fit-check"
"pedagogy:explicit-direct-instruction","layer","method"
"pedagogy:explicit-direct-instruction","grainSize","lesson"
"pedagogy:explicit-direct-instruction","maturity","established"
"pedagogy:explicit-direct-instruction","tradition","cognitive"
"pedagogy:explicit-direct-instruction","tradition","behavioral"
"pedagogy:explicit-direct-instruction","tradition","instructional-design"
"pedagogy:explicit-direct-instruction","domain","general"
"pedagogy:explicit-direct-instruction","domain","literacy"
"pedagogy:explicit-direct-instruction","domain","mathematics"
"pedagogy:explicit-direct-instruction","lifespanStage","primary"
"pedagogy:explicit-direct-instruction","lifespanStage","middle"
"pedagogy:explicit-direct-instruction","lifespanStage","secondary"
"pedagogy:explicit-direct-instruction","lifespanStage","adult-workplace"
"pedagogy:explicit-direct-instruction","function","explain"
"pedagogy:explicit-direct-instruction","function","practice"
"pedagogy:explicit-direct-instruction","function","feedback"
"pedagogy:explicit-direct-instruction","evidenceStatus","strong"
"pedagogy:explicit-direct-instruction","recommendationStatus","candidate-default-with-fit-check"
"pedagogy:external-attentional-focus","layer","tactic"
"pedagogy:external-attentional-focus","grainSize","micro-move"
"pedagogy:external-attentional-focus","maturity","consolidating"
"pedagogy:external-attentional-focus","tradition","cognitive"
"pedagogy:external-attentional-focus","tradition","behavioral"
"pedagogy:external-attentional-focus","domain","physical-motor"
"pedagogy:external-attentional-focus","domain","music"
"pedagogy:external-attentional-focus","domain","health"
"pedagogy:external-attentional-focus","lifespanStage","cross-lifespan"
"pedagogy:external-attentional-focus","function","explain"
"pedagogy:external-attentional-focus","function","practice"
"pedagogy:external-attentional-focus","evidenceStatus","context-dependent"
"pedagogy:external-attentional-focus","recommendationStatus","contextual-option"
"pedagogy:fact-fluency","layer","tactic"
"pedagogy:fact-fluency","grainSize","micro-move"
"pedagogy:fact-fluency","maturity","established"
"pedagogy:fact-fluency","tradition","cognitive"
"pedagogy:fact-fluency","tradition","behavioral"
"pedagogy:fact-fluency","domain","mathematics"
"pedagogy:fact-fluency","lifespanStage","primary"
"pedagogy:fact-fluency","lifespanStage","middle"
"pedagogy:fact-fluency","function","practice"
"pedagogy:fact-fluency","function","consolidate"
"pedagogy:fact-fluency","evidenceStatus","strong"
"pedagogy:fact-fluency","recommendationStatus","candidate-default-with-fit-check"
"pedagogy:feedback-design-levels","layer","principle"
"pedagogy:feedback-design-levels","grainSize","micro-move"
"pedagogy:feedback-design-levels","maturity","established"
"pedagogy:feedback-design-levels","tradition","cognitive"
"pedagogy:feedback-design-levels","tradition","motivational-social"
"pedagogy:feedback-design-levels","domain","general"
"pedagogy:feedback-design-levels","domain","assessment-measurement"
"pedagogy:feedback-design-levels","lifespanStage","cross-lifespan"
"pedagogy:feedback-design-levels","function","feedback"
"pedagogy:feedback-design-levels","evidenceStatus","strong"
"pedagogy:feedback-design-levels","recommendationStatus","candidate-default-with-fit-check"
"pedagogy:feedback-literacy","layer","framework"
"pedagogy:feedback-literacy","grainSize","unit-course"
"pedagogy:feedback-literacy","maturity","consolidating"
"pedagogy:feedback-literacy","tradition","instructional-design"
"pedagogy:feedback-literacy","tradition","sociocultural"
"pedagogy:feedback-literacy","domain","general"
"pedagogy:feedback-literacy","domain","assessment-measurement"
"pedagogy:feedback-literacy","lifespanStage","secondary"
"pedagogy:feedback-literacy","lifespanStage","postsecondary"
"pedagogy:feedback-literacy","lifespanStage","adult-workplace"
"pedagogy:feedback-literacy","function","feedback"
"pedagogy:feedback-literacy","function","self-regulate"
"pedagogy:feedback-literacy","evidenceStatus","context-dependent"
"pedagogy:feedback-literacy","recommendationStatus","contextual-option"
"pedagogy:flipped-classroom","layer","method"
"pedagogy:flipped-classroom","grainSize","unit-course"
"pedagogy:flipped-classroom","maturity","consolidating"
"pedagogy:flipped-classroom","tradition","instructional-design"
"pedagogy:flipped-classroom","domain","general"
"pedagogy:flipped-classroom","domain","science"
"pedagogy:flipped-classroom","domain","mathematics"
"pedagogy:flipped-classroom","domain","digital-environments"
"pedagogy:flipped-classroom","lifespanStage","secondary"
"pedagogy:flipped-classroom","lifespanStage","postsecondary"
"pedagogy:flipped-classroom","lifespanStage","adult-workplace"
"pedagogy:flipped-classroom","function","practice"
"pedagogy:flipped-classroom","function","feedback"
"pedagogy:flipped-classroom","function","sequence"
"pedagogy:flipped-classroom","evidenceStatus","context-dependent"
"pedagogy:flipped-classroom","recommendationStatus","contextual-option"
"pedagogy:formative-assessment-cycle","layer","framework"
"pedagogy:formative-assessment-cycle","grainSize","lesson"
"pedagogy:formative-assessment-cycle","maturity","consolidating"
"pedagogy:formative-assessment-cycle","tradition","psychometric"
"pedagogy:formative-assessment-cycle","tradition","instructional-design"
"pedagogy:formative-assessment-cycle","domain","assessment-measurement"
"pedagogy:formative-assessment-cycle","domain","general"
"pedagogy:formative-assessment-cycle","lifespanStage","primary"
"pedagogy:formative-assessment-cycle","lifespanStage","middle"
"pedagogy:formative-assessment-cycle","lifespanStage","secondary"
"pedagogy:formative-assessment-cycle","lifespanStage","postsecondary"
"pedagogy:formative-assessment-cycle","function","assess"
"pedagogy:formative-assessment-cycle","function","feedback"
"pedagogy:formative-assessment-cycle","evidenceStatus","context-dependent"
"pedagogy:formative-assessment-cycle","recommendationStatus","contextual-option"
"pedagogy:formative-assessment-effect-caution","layer","constraint"
"pedagogy:formative-assessment-effect-caution","grainSize","program-system"
"pedagogy:formative-assessment-effect-caution","maturity","consolidating"
"pedagogy:formative-assessment-effect-caution","tradition","psychometric"
"pedagogy:formative-assessment-effect-caution","tradition","instructional-design"
"pedagogy:formative-assessment-effect-caution","domain","assessment-measurement"
"pedagogy:formative-assessment-effect-caution","domain","general"
"pedagogy:formative-assessment-effect-caution","lifespanStage","primary"
"pedagogy:formative-assessment-effect-caution","lifespanStage","middle"
"pedagogy:formative-assessment-effect-caution","lifespanStage","secondary"
"pedagogy:formative-assessment-effect-caution","lifespanStage","postsecondary"
"pedagogy:formative-assessment-effect-caution","function","assess"
"pedagogy:formative-assessment-effect-caution","function","feedback"
"pedagogy:formative-assessment-effect-caution","evidenceStatus","contested"
"pedagogy:formative-assessment-effect-caution","recommendationStatus","do-not-generalize"
"pedagogy:game-based-learning","layer","method"
"pedagogy:game-based-learning","grainSize","unit-course"
"pedagogy:game-based-learning","maturity","consolidating"
"pedagogy:game-based-learning","tradition","instructional-design"
"pedagogy:game-based-learning","tradition","motivational-social"
"pedagogy:game-based-learning","domain","digital-environments"
"pedagogy:game-based-learning","domain","science"
"pedagogy:game-based-learning","domain","mathematics"
"pedagogy:game-based-learning","domain","general"
"pedagogy:game-based-learning","lifespanStage","primary"
"pedagogy:game-based-learning","lifespanStage","middle"
"pedagogy:game-based-learning","lifespanStage","secondary"
"pedagogy:game-based-learning","lifespanStage","postsecondary"
"pedagogy:game-based-learning","function","practice"
"pedagogy:game-based-learning","function","motivate"
"pedagogy:game-based-learning","function","feedback"
"pedagogy:game-based-learning","evidenceStatus","context-dependent"
"pedagogy:game-based-learning","recommendationStatus","contextual-option"
"pedagogy:gamification-reward-layers","layer","tactic"
"pedagogy:gamification-reward-layers","grainSize","micro-move"
"pedagogy:gamification-reward-layers","maturity","consolidating"
"pedagogy:gamification-reward-layers","tradition","motivational-social"
"pedagogy:gamification-reward-layers","tradition","behavioral"
"pedagogy:gamification-reward-layers","domain","digital-environments"
"pedagogy:gamification-reward-layers","domain","general"
"pedagogy:gamification-reward-layers","lifespanStage","primary"
"pedagogy:gamification-reward-layers","lifespanStage","middle"
"pedagogy:gamification-reward-layers","lifespanStage","secondary"
"pedagogy:gamification-reward-layers","lifespanStage","postsecondary"
"pedagogy:gamification-reward-layers","lifespanStage","adult-workplace"
"pedagogy:gamification-reward-layers","function","motivate"
"pedagogy:gamification-reward-layers","function","feedback"
"pedagogy:gamification-reward-layers","evidenceStatus","context-dependent"
"pedagogy:gamification-reward-layers","recommendationStatus","contextual-option"
"pedagogy:generation-effect","layer","tactic"
"pedagogy:generation-effect","grainSize","micro-move"
"pedagogy:generation-effect","maturity","established"
"pedagogy:generation-effect","tradition","cognitive"
"pedagogy:generation-effect","domain","general"
"pedagogy:generation-effect","lifespanStage","cross-lifespan"
"pedagogy:generation-effect","function","practice"
"pedagogy:generation-effect","function","consolidate"
"pedagogy:generation-effect","evidenceStatus","strong"
"pedagogy:generation-effect","recommendationStatus","candidate-default-with-fit-check"
"pedagogy:gesture-and-embodiment","layer","tactic"
"pedagogy:gesture-and-embodiment","grainSize","micro-move"
"pedagogy:gesture-and-embodiment","maturity","consolidating"
"pedagogy:gesture-and-embodiment","tradition","cognitive"
"pedagogy:gesture-and-embodiment","tradition","developmental"
"pedagogy:gesture-and-embodiment","tradition","neuroscience"
"pedagogy:gesture-and-embodiment","domain","mathematics"
"pedagogy:gesture-and-embodiment","domain","science"
"pedagogy:gesture-and-embodiment","domain","world-language"
"pedagogy:gesture-and-embodiment","lifespanStage","preschool"
"pedagogy:gesture-and-embodiment","lifespanStage","primary"
"pedagogy:gesture-and-embodiment","lifespanStage","middle"
"pedagogy:gesture-and-embodiment","lifespanStage","secondary"
"pedagogy:gesture-and-embodiment","function","explain"
"pedagogy:gesture-and-embodiment","function","diagnose"
"pedagogy:gesture-and-embodiment","evidenceStatus","context-dependent"
"pedagogy:gesture-and-embodiment","recommendationStatus","contextual-option"
"pedagogy:goal-setting-and-implementation-intentions","layer","tactic"
"pedagogy:goal-setting-and-implementation-intentions","grainSize","micro-move"
"pedagogy:goal-setting-and-implementation-intentions","maturity","established"
"pedagogy:goal-setting-and-implementation-intentions","tradition","motivational-social"
"pedagogy:goal-setting-and-implementation-intentions","tradition","behavioral"
"pedagogy:goal-setting-and-implementation-intentions","domain","general"
"pedagogy:goal-setting-and-implementation-intentions","domain","professional-workplace"
"pedagogy:goal-setting-and-implementation-intentions","lifespanStage","middle"
"pedagogy:goal-setting-and-implementation-intentions","lifespanStage","secondary"
"pedagogy:goal-setting-and-implementation-intentions","lifespanStage","postsecondary"
"pedagogy:goal-setting-and-implementation-intentions","lifespanStage","adult-workplace"
"pedagogy:goal-setting-and-implementation-intentions","function","self-regulate"
"pedagogy:goal-setting-and-implementation-intentions","function","motivate"
"pedagogy:goal-setting-and-implementation-intentions","evidenceStatus","strong"
"pedagogy:goal-setting-and-implementation-intentions","recommendationStatus","candidate-default-with-fit-check"
"pedagogy:grit-construct","layer","construct"
"pedagogy:grit-construct","grainSize","program-system"
"pedagogy:grit-construct","maturity","deprecated"
"pedagogy:grit-construct","tradition","motivational-social"
"pedagogy:grit-construct","domain","general"
"pedagogy:grit-construct","lifespanStage","secondary"
"pedagogy:grit-construct","lifespanStage","postsecondary"
"pedagogy:grit-construct","lifespanStage","adult-workplace"
"pedagogy:grit-construct","function","diagnose"
"pedagogy:grit-construct","evidenceStatus","contested"
"pedagogy:grit-construct","recommendationStatus","do-not-generalize"
"pedagogy:growth-mindset-warning","layer","anti-pattern"
"pedagogy:growth-mindset-warning","grainSize","program-system"
"pedagogy:growth-mindset-warning","maturity","disputed"
"pedagogy:growth-mindset-warning","tradition","motivational-social"
"pedagogy:growth-mindset-warning","domain","general"
"pedagogy:growth-mindset-warning","lifespanStage","primary"
"pedagogy:growth-mindset-warning","lifespanStage","middle"
"pedagogy:growth-mindset-warning","lifespanStage","secondary"
"pedagogy:growth-mindset-warning","lifespanStage","postsecondary"
"pedagogy:growth-mindset-warning","function","motivate"
"pedagogy:growth-mindset-warning","evidenceStatus","contested"
"pedagogy:growth-mindset-warning","recommendationStatus","do-not-generalize"
"pedagogy:guided-inquiry","layer","method"
"pedagogy:guided-inquiry","grainSize","unit-course"
"pedagogy:guided-inquiry","maturity","established"
"pedagogy:guided-inquiry","tradition","constructivist"
"pedagogy:guided-inquiry","tradition","cognitive"
"pedagogy:guided-inquiry","domain","science"
"pedagogy:guided-inquiry","domain","mathematics"
"pedagogy:guided-inquiry","domain","computing"
"pedagogy:guided-inquiry","lifespanStage","primary"
"pedagogy:guided-inquiry","lifespanStage","middle"
"pedagogy:guided-inquiry","lifespanStage","secondary"
"pedagogy:guided-inquiry","lifespanStage","postsecondary"
"pedagogy:guided-inquiry","function","explain"
"pedagogy:guided-inquiry","function","practice"
"pedagogy:guided-inquiry","function","transfer"
"pedagogy:guided-inquiry","evidenceStatus","strong"
"pedagogy:guided-inquiry","recommendationStatus","candidate-default-with-fit-check"
"pedagogy:guided-play","layer","tactic"
"pedagogy:guided-play","grainSize","lesson"
"pedagogy:guided-play","maturity","consolidating"
"pedagogy:guided-play","tradition","developmental"
"pedagogy:guided-play","tradition","constructivist"
"pedagogy:guided-play","domain","general"
"pedagogy:guided-play","domain","mathematics"
"pedagogy:guided-play","lifespanStage","preschool"
"pedagogy:guided-play","lifespanStage","primary"
"pedagogy:guided-play","function","motivate"
"pedagogy:guided-play","function","practice"
"pedagogy:guided-play","evidenceStatus","context-dependent"
"pedagogy:guided-play","recommendationStatus","contextual-option"
"pedagogy:historical-thinking-sourcing","layer","method"
"pedagogy:historical-thinking-sourcing","grainSize","unit-course"
"pedagogy:historical-thinking-sourcing","maturity","consolidating"
"pedagogy:historical-thinking-sourcing","tradition","sociocultural"
"pedagogy:historical-thinking-sourcing","tradition","cognitive"
"pedagogy:historical-thinking-sourcing","domain","history-social-studies"
"pedagogy:historical-thinking-sourcing","domain","literacy"
"pedagogy:historical-thinking-sourcing","lifespanStage","middle"
"pedagogy:historical-thinking-sourcing","lifespanStage","secondary"
"pedagogy:historical-thinking-sourcing","lifespanStage","postsecondary"
"pedagogy:historical-thinking-sourcing","function","explain"
"pedagogy:historical-thinking-sourcing","function","transfer"
"pedagogy:historical-thinking-sourcing","function","assess"
"pedagogy:historical-thinking-sourcing","evidenceStatus","context-dependent"
"pedagogy:historical-thinking-sourcing","recommendationStatus","contextual-option"
"pedagogy:home-learning-environment","layer","construct"
"pedagogy:home-learning-environment","grainSize","program-system"
"pedagogy:home-learning-environment","maturity","established"
"pedagogy:home-learning-environment","tradition","developmental"
"pedagogy:home-learning-environment","tradition","sociocultural"
"pedagogy:home-learning-environment","domain","literacy"
"pedagogy:home-learning-environment","domain","mathematics"
"pedagogy:home-learning-environment","domain","multilingual"
"pedagogy:home-learning-environment","lifespanStage","infancy-toddler"
"pedagogy:home-learning-environment","lifespanStage","preschool"
"pedagogy:home-learning-environment","lifespanStage","primary"
"pedagogy:home-learning-environment","function","access"
"pedagogy:home-learning-environment","function","practice"
"pedagogy:home-learning-environment","function","climate"
"pedagogy:home-learning-environment","evidenceStatus","strong"
"pedagogy:home-learning-environment","recommendationStatus","contextual-option"
"pedagogy:homework-practice","layer","tactic"
"pedagogy:homework-practice","grainSize","micro-move"
"pedagogy:homework-practice","maturity","established"
"pedagogy:homework-practice","tradition","behavioral"
"pedagogy:homework-practice","tradition","instructional-design"
"pedagogy:homework-practice","domain","general"
"pedagogy:homework-practice","lifespanStage","primary"
"pedagogy:homework-practice","lifespanStage","middle"
"pedagogy:homework-practice","lifespanStage","secondary"
"pedagogy:homework-practice","function","practice"
"pedagogy:homework-practice","function","consolidate"
"pedagogy:homework-practice","evidenceStatus","context-dependent"
"pedagogy:homework-practice","recommendationStatus","contextual-option"
"pedagogy:icap-engagement-hypothesis","layer","framework"
"pedagogy:icap-engagement-hypothesis","grainSize","lesson"
"pedagogy:icap-engagement-hypothesis","maturity","emerging"
"pedagogy:icap-engagement-hypothesis","tradition","cognitive"
"pedagogy:icap-engagement-hypothesis","domain","general"
"pedagogy:icap-engagement-hypothesis","lifespanStage","primary"
"pedagogy:icap-engagement-hypothesis","lifespanStage","middle"
"pedagogy:icap-engagement-hypothesis","lifespanStage","secondary"
"pedagogy:icap-engagement-hypothesis","lifespanStage","postsecondary"
"pedagogy:icap-engagement-hypothesis","function","practice"
"pedagogy:icap-engagement-hypothesis","function","collaborate"
"pedagogy:icap-engagement-hypothesis","evidenceStatus","hypothesis"
"pedagogy:icap-engagement-hypothesis","recommendationStatus","experimental-only"
"pedagogy:instructed-second-language-acquisition","layer","principle"
"pedagogy:instructed-second-language-acquisition","grainSize","unit-course"
"pedagogy:instructed-second-language-acquisition","maturity","established"
"pedagogy:instructed-second-language-acquisition","tradition","cognitive"
"pedagogy:instructed-second-language-acquisition","domain","world-language"
"pedagogy:instructed-second-language-acquisition","domain","multilingual"
"pedagogy:instructed-second-language-acquisition","lifespanStage","primary"
"pedagogy:instructed-second-language-acquisition","lifespanStage","middle"
"pedagogy:instructed-second-language-acquisition","lifespanStage","secondary"
"pedagogy:instructed-second-language-acquisition","lifespanStage","postsecondary"
"pedagogy:instructed-second-language-acquisition","lifespanStage","adult-workplace"
"pedagogy:instructed-second-language-acquisition","function","explain"
"pedagogy:instructed-second-language-acquisition","function","practice"
"pedagogy:instructed-second-language-acquisition","evidenceStatus","strong"
"pedagogy:instructed-second-language-acquisition","recommendationStatus","candidate-default-with-fit-check"
"pedagogy:instructional-coaching","layer","method"
"pedagogy:instructional-coaching","grainSize","program-system"
"pedagogy:instructional-coaching","maturity","established"
"pedagogy:instructional-coaching","tradition","instructional-design"
"pedagogy:instructional-coaching","tradition","sociocultural"
"pedagogy:instructional-coaching","domain","teacher-development"
"pedagogy:instructional-coaching","domain","professional-workplace"
"pedagogy:instructional-coaching","lifespanStage","adult-workplace"
"pedagogy:instructional-coaching","function","feedback"
"pedagogy:instructional-coaching","function","practice"
"pedagogy:instructional-coaching","function","transfer"
"pedagogy:instructional-coaching","evidenceStatus","strong"
"pedagogy:instructional-coaching","recommendationStatus","candidate-default-with-fit-check"
"pedagogy:intelligent-tutoring-systems","layer","method"
"pedagogy:intelligent-tutoring-systems","grainSize","unit-course"
"pedagogy:intelligent-tutoring-systems","maturity","established"
"pedagogy:intelligent-tutoring-systems","tradition","cognitive"
"pedagogy:intelligent-tutoring-systems","tradition","instructional-design"
"pedagogy:intelligent-tutoring-systems","domain","mathematics"
"pedagogy:intelligent-tutoring-systems","domain","computing"
"pedagogy:intelligent-tutoring-systems","domain","science"
"pedagogy:intelligent-tutoring-systems","domain","digital-environments"
"pedagogy:intelligent-tutoring-systems","lifespanStage","middle"
"pedagogy:intelligent-tutoring-systems","lifespanStage","secondary"
"pedagogy:intelligent-tutoring-systems","lifespanStage","postsecondary"
"pedagogy:intelligent-tutoring-systems","lifespanStage","adult-workplace"
"pedagogy:intelligent-tutoring-systems","function","practice"
"pedagogy:intelligent-tutoring-systems","function","feedback"
"pedagogy:intelligent-tutoring-systems","function","diagnose"
"pedagogy:intelligent-tutoring-systems","evidenceStatus","strong"
"pedagogy:intelligent-tutoring-systems","recommendationStatus","candidate-default-with-fit-check"
"pedagogy:interest-development","layer","theory"
"pedagogy:interest-development","grainSize","unit-course"
"pedagogy:interest-development","maturity","consolidating"
"pedagogy:interest-development","tradition","motivational-social"
"pedagogy:interest-development","tradition","developmental"
"pedagogy:interest-development","domain","general"
"pedagogy:interest-development","lifespanStage","primary"
"pedagogy:interest-development","lifespanStage","middle"
"pedagogy:interest-development","lifespanStage","secondary"
"pedagogy:interest-development","lifespanStage","postsecondary"
"pedagogy:interest-development","function","motivate"
"pedagogy:interest-development","function","sequence"
"pedagogy:interest-development","evidenceStatus","context-dependent"
"pedagogy:interest-development","recommendationStatus","contextual-option"
"pedagogy:interleaving-discrimination","layer","tactic"
"pedagogy:interleaving-discrimination","grainSize","micro-move"
"pedagogy:interleaving-discrimination","maturity","consolidating"
"pedagogy:interleaving-discrimination","tradition","cognitive"
"pedagogy:interleaving-discrimination","domain","general"
"pedagogy:interleaving-discrimination","domain","mathematics"
"pedagogy:interleaving-discrimination","lifespanStage","primary"
"pedagogy:interleaving-discrimination","lifespanStage","middle"
"pedagogy:interleaving-discrimination","lifespanStage","secondary"
"pedagogy:interleaving-discrimination","lifespanStage","postsecondary"
"pedagogy:interleaving-discrimination","lifespanStage","adult-workplace"
"pedagogy:interleaving-discrimination","function","practice"
"pedagogy:interleaving-discrimination","function","transfer"
"pedagogy:interleaving-discrimination","evidenceStatus","context-dependent"
"pedagogy:interleaving-discrimination","recommendationStatus","contextual-option"
"pedagogy:knowledge-and-comprehension","layer","principle"
"pedagogy:knowledge-and-comprehension","grainSize","unit-course"
"pedagogy:knowledge-and-comprehension","maturity","established"
"pedagogy:knowledge-and-comprehension","tradition","cognitive"
"pedagogy:knowledge-and-comprehension","domain","literacy"
"pedagogy:knowledge-and-comprehension","domain","history-social-studies"
"pedagogy:knowledge-and-comprehension","domain","science"
"pedagogy:knowledge-and-comprehension","lifespanStage","primary"
"pedagogy:knowledge-and-comprehension","lifespanStage","middle"
"pedagogy:knowledge-and-comprehension","lifespanStage","secondary"
"pedagogy:knowledge-and-comprehension","lifespanStage","postsecondary"
"pedagogy:knowledge-and-comprehension","function","explain"
"pedagogy:knowledge-and-comprehension","function","diagnose"
"pedagogy:knowledge-and-comprehension","function","sequence"
"pedagogy:knowledge-and-comprehension","evidenceStatus","strong"
"pedagogy:knowledge-and-comprehension","recommendationStatus","candidate-default-with-fit-check"
"pedagogy:knowledge-component-model","layer","framework"
"pedagogy:knowledge-component-model","grainSize","unit-course"
"pedagogy:knowledge-component-model","maturity","consolidating"
"pedagogy:knowledge-component-model","tradition","cognitive"
"pedagogy:knowledge-component-model","tradition","instructional-design"
"pedagogy:knowledge-component-model","domain","general"
"pedagogy:knowledge-component-model","domain","digital-environments"
"pedagogy:knowledge-component-model","lifespanStage","cross-lifespan"
"pedagogy:knowledge-component-model","function","sequence"
"pedagogy:knowledge-component-model","function","diagnose"
"pedagogy:knowledge-component-model","function","practice"
"pedagogy:knowledge-component-model","evidenceStatus","context-dependent"
"pedagogy:knowledge-component-model","recommendationStatus","contextual-option"
"pedagogy:l2-corrective-feedback","layer","tactic"
"pedagogy:l2-corrective-feedback","grainSize","micro-move"
"pedagogy:l2-corrective-feedback","maturity","established"
"pedagogy:l2-corrective-feedback","tradition","cognitive"
"pedagogy:l2-corrective-feedback","tradition","sociocultural"
"pedagogy:l2-corrective-feedback","domain","world-language"
"pedagogy:l2-corrective-feedback","domain","multilingual"
"pedagogy:l2-corrective-feedback","lifespanStage","primary"
"pedagogy:l2-corrective-feedback","lifespanStage","middle"
"pedagogy:l2-corrective-feedback","lifespanStage","secondary"
"pedagogy:l2-corrective-feedback","lifespanStage","postsecondary"
"pedagogy:l2-corrective-feedback","lifespanStage","adult-workplace"
"pedagogy:l2-corrective-feedback","function","feedback"
"pedagogy:l2-corrective-feedback","function","practice"
"pedagogy:l2-corrective-feedback","evidenceStatus","strong"
"pedagogy:l2-corrective-feedback","recommendationStatus","contextual-option"
"pedagogy:learner-knows-best","layer","anti-pattern"
"pedagogy:learner-knows-best","grainSize","program-system"
"pedagogy:learner-knows-best","maturity","established"
"pedagogy:learner-knows-best","tradition","cognitive"
"pedagogy:learner-knows-best","domain","general"
"pedagogy:learner-knows-best","domain","digital-environments"
"pedagogy:learner-knows-best","lifespanStage","cross-lifespan"
"pedagogy:learner-knows-best","function","assess"
"pedagogy:learner-knows-best","function","self-regulate"
"pedagogy:learner-knows-best","evidenceStatus","strong"
"pedagogy:learner-knows-best","recommendationStatus","avoid"
"pedagogy:learning-strategy-model","layer","framework"
"pedagogy:learning-strategy-model","grainSize","unit-course"
"pedagogy:learning-strategy-model","maturity","emerging"
"pedagogy:learning-strategy-model","tradition","cognitive"
"pedagogy:learning-strategy-model","tradition","instructional-design"
"pedagogy:learning-strategy-model","domain","general"
"pedagogy:learning-strategy-model","lifespanStage","primary"
"pedagogy:learning-strategy-model","lifespanStage","middle"
"pedagogy:learning-strategy-model","lifespanStage","secondary"
"pedagogy:learning-strategy-model","lifespanStage","postsecondary"
"pedagogy:learning-strategy-model","lifespanStage","adult-workplace"
"pedagogy:learning-strategy-model","function","sequence"
"pedagogy:learning-strategy-model","function","practice"
"pedagogy:learning-strategy-model","function","self-regulate"
"pedagogy:learning-strategy-model","evidenceStatus","hypothesis"
"pedagogy:learning-strategy-model","recommendationStatus","experimental-only"
"pedagogy:learning-styles-matching","layer","anti-pattern"
"pedagogy:learning-styles-matching","grainSize","program-system"
"pedagogy:learning-styles-matching","maturity","deprecated"
"pedagogy:learning-styles-matching","tradition","cognitive"
"pedagogy:learning-styles-matching","domain","general"
"pedagogy:learning-styles-matching","lifespanStage","cross-lifespan"
"pedagogy:learning-styles-matching","function","diagnose"
"pedagogy:learning-styles-matching","evidenceStatus","refuted"
"pedagogy:learning-styles-matching","recommendationStatus","avoid"
"pedagogy:learning-trajectories","layer","framework"
"pedagogy:learning-trajectories","grainSize","unit-course"
"pedagogy:learning-trajectories","maturity","consolidating"
"pedagogy:learning-trajectories","tradition","developmental"
"pedagogy:learning-trajectories","tradition","instructional-design"
"pedagogy:learning-trajectories","domain","mathematics"
"pedagogy:learning-trajectories","domain","science"
"pedagogy:learning-trajectories","lifespanStage","preschool"
"pedagogy:learning-trajectories","lifespanStage","primary"
"pedagogy:learning-trajectories","lifespanStage","middle"
"pedagogy:learning-trajectories","function","diagnose"
"pedagogy:learning-trajectories","function","sequence"
"pedagogy:learning-trajectories","evidenceStatus","context-dependent"
"pedagogy:learning-trajectories","recommendationStatus","contextual-option"
"pedagogy:learning-vs-performance","layer","principle"
"pedagogy:learning-vs-performance","grainSize","unit-course"
"pedagogy:learning-vs-performance","maturity","established"
"pedagogy:learning-vs-performance","tradition","cognitive"
"pedagogy:learning-vs-performance","domain","general"
"pedagogy:learning-vs-performance","domain","assessment-measurement"
"pedagogy:learning-vs-performance","lifespanStage","cross-lifespan"
"pedagogy:learning-vs-performance","function","assess"
"pedagogy:learning-vs-performance","function","consolidate"
"pedagogy:learning-vs-performance","evidenceStatus","strong"
"pedagogy:learning-vs-performance","recommendationStatus","candidate-default-with-fit-check"
"pedagogy:literacy-phoneme-grapheme","layer","tactic"
"pedagogy:literacy-phoneme-grapheme","grainSize","lesson"
"pedagogy:literacy-phoneme-grapheme","maturity","established"
"pedagogy:literacy-phoneme-grapheme","tradition","cognitive"
"pedagogy:literacy-phoneme-grapheme","tradition","behavioral"
"pedagogy:literacy-phoneme-grapheme","domain","literacy"
"pedagogy:literacy-phoneme-grapheme","lifespanStage","preschool"
"pedagogy:literacy-phoneme-grapheme","lifespanStage","primary"
"pedagogy:literacy-phoneme-grapheme","lifespanStage","middle"
"pedagogy:literacy-phoneme-grapheme","function","explain"
"pedagogy:literacy-phoneme-grapheme","function","practice"
"pedagogy:literacy-phoneme-grapheme","evidenceStatus","strong"
"pedagogy:literacy-phoneme-grapheme","recommendationStatus","candidate-default-with-fit-check"
"pedagogy:mastery-learning","layer","method"
"pedagogy:mastery-learning","grainSize","unit-course"
"pedagogy:mastery-learning","maturity","established"
"pedagogy:mastery-learning","tradition","behavioral"
"pedagogy:mastery-learning","tradition","instructional-design"
"pedagogy:mastery-learning","domain","general"
"pedagogy:mastery-learning","domain","mathematics"
"pedagogy:mastery-learning","domain","professional-workplace"
"pedagogy:mastery-learning","lifespanStage","primary"
"pedagogy:mastery-learning","lifespanStage","middle"
"pedagogy:mastery-learning","lifespanStage","secondary"
"pedagogy:mastery-learning","lifespanStage","postsecondary"
"pedagogy:mastery-learning","lifespanStage","adult-workplace"
"pedagogy:mastery-learning","function","sequence"
"pedagogy:mastery-learning","function","feedback"
"pedagogy:mastery-learning","function","assess"
"pedagogy:mastery-learning","evidenceStatus","context-dependent"
"pedagogy:mastery-learning","recommendationStatus","contextual-option"
"pedagogy:math-and-test-anxiety","layer","construct"
"pedagogy:math-and-test-anxiety","grainSize","unit-course"
"pedagogy:math-and-test-anxiety","maturity","established"
"pedagogy:math-and-test-anxiety","tradition","cognitive"
"pedagogy:math-and-test-anxiety","tradition","motivational-social"
"pedagogy:math-and-test-anxiety","domain","mathematics"
"pedagogy:math-and-test-anxiety","domain","assessment-measurement"
"pedagogy:math-and-test-anxiety","domain","general"
"pedagogy:math-and-test-anxiety","lifespanStage","primary"
"pedagogy:math-and-test-anxiety","lifespanStage","middle"
"pedagogy:math-and-test-anxiety","lifespanStage","secondary"
"pedagogy:math-and-test-anxiety","lifespanStage","postsecondary"
"pedagogy:math-and-test-anxiety","lifespanStage","adult-workplace"
"pedagogy:math-and-test-anxiety","function","diagnose"
"pedagogy:math-and-test-anxiety","function","climate"
"pedagogy:math-and-test-anxiety","function","assess"
"pedagogy:math-and-test-anxiety","evidenceStatus","strong"
"pedagogy:math-and-test-anxiety","recommendationStatus","candidate-default-with-fit-check"
"pedagogy:math-strategy-comparison","layer","tactic"
"pedagogy:math-strategy-comparison","grainSize","lesson"
"pedagogy:math-strategy-comparison","maturity","consolidating"
"pedagogy:math-strategy-comparison","tradition","cognitive"
"pedagogy:math-strategy-comparison","domain","mathematics"
"pedagogy:math-strategy-comparison","lifespanStage","middle"
"pedagogy:math-strategy-comparison","lifespanStage","secondary"
"pedagogy:math-strategy-comparison","function","transfer"
"pedagogy:math-strategy-comparison","function","explain"
"pedagogy:math-strategy-comparison","evidenceStatus","context-dependent"
"pedagogy:math-strategy-comparison","recommendationStatus","contextual-option"
"pedagogy:math-systematic-representations","layer","tactic"
"pedagogy:math-systematic-representations","grainSize","lesson"
"pedagogy:math-systematic-representations","maturity","established"
"pedagogy:math-systematic-representations","tradition","cognitive"
"pedagogy:math-systematic-representations","tradition","instructional-design"
"pedagogy:math-systematic-representations","domain","mathematics"
"pedagogy:math-systematic-representations","lifespanStage","primary"
"pedagogy:math-systematic-representations","lifespanStage","middle"
"pedagogy:math-systematic-representations","function","explain"
"pedagogy:math-systematic-representations","function","practice"
"pedagogy:math-systematic-representations","evidenceStatus","strong"
"pedagogy:math-systematic-representations","recommendationStatus","candidate-default-with-fit-check"
"pedagogy:mathematical-proficiency-strands","layer","framework"
"pedagogy:mathematical-proficiency-strands","grainSize","program-system"
"pedagogy:mathematical-proficiency-strands","maturity","established"
"pedagogy:mathematical-proficiency-strands","tradition","instructional-design"
"pedagogy:mathematical-proficiency-strands","tradition","cognitive"
"pedagogy:mathematical-proficiency-strands","domain","mathematics"
"pedagogy:mathematical-proficiency-strands","lifespanStage","primary"
"pedagogy:mathematical-proficiency-strands","lifespanStage","middle"
"pedagogy:mathematical-proficiency-strands","lifespanStage","secondary"
"pedagogy:mathematical-proficiency-strands","function","sequence"
"pedagogy:mathematical-proficiency-strands","function","assess"
"pedagogy:mathematical-proficiency-strands","evidenceStatus","normative-standard"
"pedagogy:mathematical-proficiency-strands","recommendationStatus","contextual-option"
"pedagogy:metacognitive-calibration","layer","framework"
"pedagogy:metacognitive-calibration","grainSize","unit-course"
"pedagogy:metacognitive-calibration","maturity","consolidating"
"pedagogy:metacognitive-calibration","tradition","cognitive"
"pedagogy:metacognitive-calibration","domain","general"
"pedagogy:metacognitive-calibration","lifespanStage","middle"
"pedagogy:metacognitive-calibration","lifespanStage","secondary"
"pedagogy:metacognitive-calibration","lifespanStage","postsecondary"
"pedagogy:metacognitive-calibration","lifespanStage","adult-workplace"
"pedagogy:metacognitive-calibration","function","self-regulate"
"pedagogy:metacognitive-calibration","evidenceStatus","context-dependent"
"pedagogy:metacognitive-calibration","recommendationStatus","contextual-option"
"pedagogy:metacognitive-monitoring-accuracy","layer","construct"
"pedagogy:metacognitive-monitoring-accuracy","grainSize","micro-move"
"pedagogy:metacognitive-monitoring-accuracy","maturity","established"
"pedagogy:metacognitive-monitoring-accuracy","tradition","cognitive"
"pedagogy:metacognitive-monitoring-accuracy","domain","general"
"pedagogy:metacognitive-monitoring-accuracy","lifespanStage","middle"
"pedagogy:metacognitive-monitoring-accuracy","lifespanStage","secondary"
"pedagogy:metacognitive-monitoring-accuracy","lifespanStage","postsecondary"
"pedagogy:metacognitive-monitoring-accuracy","lifespanStage","adult-workplace"
"pedagogy:metacognitive-monitoring-accuracy","function","self-regulate"
"pedagogy:metacognitive-monitoring-accuracy","function","diagnose"
"pedagogy:metacognitive-monitoring-accuracy","evidenceStatus","strong"
"pedagogy:metacognitive-monitoring-accuracy","recommendationStatus","candidate-default-with-fit-check"
"pedagogy:minimal-guidance-instruction","layer","anti-pattern"
"pedagogy:minimal-guidance-instruction","grainSize","lesson"
"pedagogy:minimal-guidance-instruction","maturity","consolidating"
"pedagogy:minimal-guidance-instruction","tradition","cognitive"
"pedagogy:minimal-guidance-instruction","domain","general"
"pedagogy:minimal-guidance-instruction","domain","science"
"pedagogy:minimal-guidance-instruction","domain","mathematics"
"pedagogy:minimal-guidance-instruction","lifespanStage","cross-lifespan"
"pedagogy:minimal-guidance-instruction","function","explain"
"pedagogy:minimal-guidance-instruction","function","practice"
"pedagogy:minimal-guidance-instruction","evidenceStatus","refuted"
"pedagogy:minimal-guidance-instruction","recommendationStatus","avoid"
"pedagogy:montessori-education","layer","method"
"pedagogy:montessori-education","grainSize","program-system"
"pedagogy:montessori-education","maturity","consolidating"
"pedagogy:montessori-education","tradition","constructivist"
"pedagogy:montessori-education","tradition","developmental"
"pedagogy:montessori-education","domain","general"
"pedagogy:montessori-education","lifespanStage","preschool"
"pedagogy:montessori-education","lifespanStage","primary"
"pedagogy:montessori-education","function","sequence"
"pedagogy:montessori-education","function","motivate"
"pedagogy:montessori-education","function","practice"
"pedagogy:montessori-education","evidenceStatus","context-dependent"
"pedagogy:montessori-education","recommendationStatus","contextual-option"
"pedagogy:motivation-need-support","layer","principle"
"pedagogy:motivation-need-support","grainSize","unit-course"
"pedagogy:motivation-need-support","maturity","established"
"pedagogy:motivation-need-support","tradition","motivational-social"
"pedagogy:motivation-need-support","domain","general"
"pedagogy:motivation-need-support","lifespanStage","cross-lifespan"
"pedagogy:motivation-need-support","function","motivate"
"pedagogy:motivation-need-support","function","climate"
"pedagogy:motivation-need-support","evidenceStatus","context-dependent"
"pedagogy:motivation-need-support","recommendationStatus","contextual-option"
"pedagogy:multi-tiered-support","layer","framework"
"pedagogy:multi-tiered-support","grainSize","program-system"
"pedagogy:multi-tiered-support","maturity","consolidating"
"pedagogy:multi-tiered-support","tradition","instructional-design"
"pedagogy:multi-tiered-support","tradition","psychometric"
"pedagogy:multi-tiered-support","tradition","critical-equity"
"pedagogy:multi-tiered-support","domain","special-education"
"pedagogy:multi-tiered-support","domain","literacy"
"pedagogy:multi-tiered-support","domain","mathematics"
"pedagogy:multi-tiered-support","domain","general"
"pedagogy:multi-tiered-support","lifespanStage","primary"
"pedagogy:multi-tiered-support","lifespanStage","middle"
"pedagogy:multi-tiered-support","lifespanStage","secondary"
"pedagogy:multi-tiered-support","function","diagnose"
"pedagogy:multi-tiered-support","function","sequence"
"pedagogy:multi-tiered-support","function","access"
"pedagogy:multi-tiered-support","evidenceStatus","context-dependent"
"pedagogy:multi-tiered-support","recommendationStatus","contextual-option"
"pedagogy:multilingual-programme-models","layer","framework"
"pedagogy:multilingual-programme-models","grainSize","program-system"
"pedagogy:multilingual-programme-models","maturity","consolidating"
"pedagogy:multilingual-programme-models","tradition","sociocultural"
"pedagogy:multilingual-programme-models","tradition","critical-equity"
"pedagogy:multilingual-programme-models","domain","multilingual"
"pedagogy:multilingual-programme-models","domain","literacy"
"pedagogy:multilingual-programme-models","domain","science"
"pedagogy:multilingual-programme-models","domain","mathematics"
"pedagogy:multilingual-programme-models","lifespanStage","preschool"
"pedagogy:multilingual-programme-models","lifespanStage","primary"
"pedagogy:multilingual-programme-models","lifespanStage","middle"
"pedagogy:multilingual-programme-models","lifespanStage","secondary"
"pedagogy:multilingual-programme-models","function","access"
"pedagogy:multilingual-programme-models","function","sequence"
"pedagogy:multilingual-programme-models","function","explain"
"pedagogy:multilingual-programme-models","evidenceStatus","strong"
"pedagogy:multilingual-programme-models","recommendationStatus","candidate-default-with-fit-check"
"pedagogy:multimedia-coherence","layer","principle"
"pedagogy:multimedia-coherence","grainSize","lesson"
"pedagogy:multimedia-coherence","maturity","consolidating"
"pedagogy:multimedia-coherence","tradition","cognitive"
"pedagogy:multimedia-coherence","tradition","instructional-design"
"pedagogy:multimedia-coherence","domain","general"
"pedagogy:multimedia-coherence","domain","digital-environments"
"pedagogy:multimedia-coherence","lifespanStage","cross-lifespan"
"pedagogy:multimedia-coherence","function","explain"
"pedagogy:multimedia-coherence","function","access"
"pedagogy:multimedia-coherence","evidenceStatus","context-dependent"
"pedagogy:multimedia-coherence","recommendationStatus","contextual-option"
"pedagogy:multimedia-learning-theory","layer","theory"
"pedagogy:multimedia-learning-theory","grainSize","lesson"
"pedagogy:multimedia-learning-theory","maturity","consolidating"
"pedagogy:multimedia-learning-theory","tradition","cognitive"
"pedagogy:multimedia-learning-theory","tradition","instructional-design"
"pedagogy:multimedia-learning-theory","domain","general"
"pedagogy:multimedia-learning-theory","domain","digital-environments"
"pedagogy:multimedia-learning-theory","lifespanStage","cross-lifespan"
"pedagogy:multimedia-learning-theory","function","explain"
"pedagogy:multimedia-learning-theory","function","access"
"pedagogy:multimedia-learning-theory","evidenceStatus","context-dependent"
"pedagogy:multimedia-learning-theory","recommendationStatus","contextual-option"
"pedagogy:multiple-intelligences-matching","layer","anti-pattern"
"pedagogy:multiple-intelligences-matching","grainSize","program-system"
"pedagogy:multiple-intelligences-matching","maturity","deprecated"
"pedagogy:multiple-intelligences-matching","tradition","cognitive"
"pedagogy:multiple-intelligences-matching","tradition","psychometric"
"pedagogy:multiple-intelligences-matching","domain","general"
"pedagogy:multiple-intelligences-matching","lifespanStage","cross-lifespan"
"pedagogy:multiple-intelligences-matching","function","diagnose"
"pedagogy:multiple-intelligences-matching","evidenceStatus","refuted"
"pedagogy:multiple-intelligences-matching","recommendationStatus","avoid"
"pedagogy:music-chess-far-transfer","layer","anti-pattern"
"pedagogy:music-chess-far-transfer","grainSize","program-system"
"pedagogy:music-chess-far-transfer","maturity","deprecated"
"pedagogy:music-chess-far-transfer","tradition","cognitive"
"pedagogy:music-chess-far-transfer","domain","music"
"pedagogy:music-chess-far-transfer","domain","arts"
"pedagogy:music-chess-far-transfer","domain","general"
"pedagogy:music-chess-far-transfer","lifespanStage","preschool"
"pedagogy:music-chess-far-transfer","lifespanStage","primary"
"pedagogy:music-chess-far-transfer","lifespanStage","middle"
"pedagogy:music-chess-far-transfer","lifespanStage","secondary"
"pedagogy:music-chess-far-transfer","function","transfer"
"pedagogy:music-chess-far-transfer","evidenceStatus","refuted"
"pedagogy:music-chess-far-transfer","recommendationStatus","avoid"
"pedagogy:neuromyths","layer","anti-pattern"
"pedagogy:neuromyths","grainSize","program-system"
"pedagogy:neuromyths","maturity","deprecated"
"pedagogy:neuromyths","tradition","neuroscience"
"pedagogy:neuromyths","tradition","cognitive"
"pedagogy:neuromyths","domain","general"
"pedagogy:neuromyths","domain","teacher-development"
"pedagogy:neuromyths","lifespanStage","cross-lifespan"
"pedagogy:neuromyths","function","diagnose"
"pedagogy:neuromyths","evidenceStatus","refuted"
"pedagogy:neuromyths","recommendationStatus","avoid"
"pedagogy:note-taking","layer","tactic"
"pedagogy:note-taking","grainSize","micro-move"
"pedagogy:note-taking","maturity","disputed"
"pedagogy:note-taking","tradition","cognitive"
"pedagogy:note-taking","domain","general"
"pedagogy:note-taking","lifespanStage","secondary"
"pedagogy:note-taking","lifespanStage","postsecondary"
"pedagogy:note-taking","lifespanStage","adult-workplace"
"pedagogy:note-taking","function","consolidate"
"pedagogy:note-taking","function","self-regulate"
"pedagogy:note-taking","evidenceStatus","contested"
"pedagogy:note-taking","recommendationStatus","do-not-generalize"
"pedagogy:one-to-one-tutoring","layer","method"
"pedagogy:one-to-one-tutoring","grainSize","program-system"
"pedagogy:one-to-one-tutoring","maturity","established"
"pedagogy:one-to-one-tutoring","tradition","cognitive"
"pedagogy:one-to-one-tutoring","tradition","sociocultural"
"pedagogy:one-to-one-tutoring","domain","general"
"pedagogy:one-to-one-tutoring","domain","literacy"
"pedagogy:one-to-one-tutoring","domain","mathematics"
"pedagogy:one-to-one-tutoring","lifespanStage","primary"
"pedagogy:one-to-one-tutoring","lifespanStage","middle"
"pedagogy:one-to-one-tutoring","lifespanStage","secondary"
"pedagogy:one-to-one-tutoring","lifespanStage","postsecondary"
"pedagogy:one-to-one-tutoring","function","diagnose"
"pedagogy:one-to-one-tutoring","function","practice"
"pedagogy:one-to-one-tutoring","function","feedback"
"pedagogy:one-to-one-tutoring","function","climate"
"pedagogy:one-to-one-tutoring","evidenceStatus","strong"
"pedagogy:one-to-one-tutoring","recommendationStatus","candidate-default-with-fit-check"
"pedagogy:pair-programming","layer","method"
"pedagogy:pair-programming","grainSize","lesson"
"pedagogy:pair-programming","maturity","consolidating"
"pedagogy:pair-programming","tradition","sociocultural"
"pedagogy:pair-programming","tradition","instructional-design"
"pedagogy:pair-programming","domain","computing"
"pedagogy:pair-programming","domain","engineering-design"
"pedagogy:pair-programming","lifespanStage","secondary"
"pedagogy:pair-programming","lifespanStage","postsecondary"
"pedagogy:pair-programming","lifespanStage","adult-workplace"
"pedagogy:pair-programming","function","collaborate"
"pedagogy:pair-programming","function","practice"
"pedagogy:pair-programming","function","feedback"
"pedagogy:pair-programming","evidenceStatus","context-dependent"
"pedagogy:pair-programming","recommendationStatus","contextual-option"
"pedagogy:peer-assessment","layer","tactic"
"pedagogy:peer-assessment","grainSize","lesson"
"pedagogy:peer-assessment","maturity","established"
"pedagogy:peer-assessment","tradition","sociocultural"
"pedagogy:peer-assessment","tradition","psychometric"
"pedagogy:peer-assessment","domain","general"
"pedagogy:peer-assessment","domain","literacy"
"pedagogy:peer-assessment","domain","assessment-measurement"
"pedagogy:peer-assessment","lifespanStage","primary"
"pedagogy:peer-assessment","lifespanStage","middle"
"pedagogy:peer-assessment","lifespanStage","secondary"
"pedagogy:peer-assessment","lifespanStage","postsecondary"
"pedagogy:peer-assessment","lifespanStage","adult-workplace"
"pedagogy:peer-assessment","function","feedback"
"pedagogy:peer-assessment","function","assess"
"pedagogy:peer-assessment","function","collaborate"
"pedagogy:peer-assessment","evidenceStatus","strong"
"pedagogy:peer-assessment","recommendationStatus","candidate-default-with-fit-check"
"pedagogy:peer-tutoring","layer","method"
"pedagogy:peer-tutoring","grainSize","lesson"
"pedagogy:peer-tutoring","maturity","established"
"pedagogy:peer-tutoring","tradition","sociocultural"
"pedagogy:peer-tutoring","tradition","behavioral"
"pedagogy:peer-tutoring","domain","literacy"
"pedagogy:peer-tutoring","domain","mathematics"
"pedagogy:peer-tutoring","domain","general"
"pedagogy:peer-tutoring","lifespanStage","primary"
"pedagogy:peer-tutoring","lifespanStage","middle"
"pedagogy:peer-tutoring","lifespanStage","secondary"
"pedagogy:peer-tutoring","lifespanStage","postsecondary"
"pedagogy:peer-tutoring","function","practice"
"pedagogy:peer-tutoring","function","feedback"
"pedagogy:peer-tutoring","function","collaborate"
"pedagogy:peer-tutoring","evidenceStatus","strong"
"pedagogy:peer-tutoring","recommendationStatus","contextual-option"
"pedagogy:physical-activity-and-cognition","layer","construct"
"pedagogy:physical-activity-and-cognition","grainSize","program-system"
"pedagogy:physical-activity-and-cognition","maturity","consolidating"
"pedagogy:physical-activity-and-cognition","tradition","neuroscience"
"pedagogy:physical-activity-and-cognition","tradition","developmental"
"pedagogy:physical-activity-and-cognition","domain","health"
"pedagogy:physical-activity-and-cognition","domain","general"
"pedagogy:physical-activity-and-cognition","domain","physical-motor"
"pedagogy:physical-activity-and-cognition","lifespanStage","primary"
"pedagogy:physical-activity-and-cognition","lifespanStage","middle"
"pedagogy:physical-activity-and-cognition","lifespanStage","secondary"
"pedagogy:physical-activity-and-cognition","function","climate"
"pedagogy:physical-activity-and-cognition","function","self-regulate"
"pedagogy:physical-activity-and-cognition","evidenceStatus","context-dependent"
"pedagogy:physical-activity-and-cognition","recommendationStatus","contextual-option"
"pedagogy:playful-learning-continuum","layer","framework"
"pedagogy:playful-learning-continuum","grainSize","lesson"
"pedagogy:playful-learning-continuum","maturity","consolidating"
"pedagogy:playful-learning-continuum","tradition","developmental"
"pedagogy:playful-learning-continuum","tradition","constructivist"
"pedagogy:playful-learning-continuum","domain","general"
"pedagogy:playful-learning-continuum","domain","mathematics"
"pedagogy:playful-learning-continuum","domain","literacy"
"pedagogy:playful-learning-continuum","lifespanStage","preschool"
"pedagogy:playful-learning-continuum","lifespanStage","primary"
"pedagogy:playful-learning-continuum","function","motivate"
"pedagogy:playful-learning-continuum","function","practice"
"pedagogy:playful-learning-continuum","function","sequence"
"pedagogy:playful-learning-continuum","evidenceStatus","context-dependent"
"pedagogy:playful-learning-continuum","recommendationStatus","contextual-option"
"pedagogy:preschool-effects-and-convergence","layer","construct"
"pedagogy:preschool-effects-and-convergence","grainSize","program-system"
"pedagogy:preschool-effects-and-convergence","maturity","disputed"
"pedagogy:preschool-effects-and-convergence","tradition","developmental"
"pedagogy:preschool-effects-and-convergence","tradition","critical-equity"
"pedagogy:preschool-effects-and-convergence","domain","general"
"pedagogy:preschool-effects-and-convergence","lifespanStage","preschool"
"pedagogy:preschool-effects-and-convergence","lifespanStage","primary"
"pedagogy:preschool-effects-and-convergence","function","sequence"
"pedagogy:preschool-effects-and-convergence","function","access"
"pedagogy:preschool-effects-and-convergence","evidenceStatus","contested"
"pedagogy:preschool-effects-and-convergence","recommendationStatus","do-not-generalize"
"pedagogy:pretesting","layer","tactic"
"pedagogy:pretesting","grainSize","micro-move"
"pedagogy:pretesting","maturity","consolidating"
"pedagogy:pretesting","tradition","cognitive"
"pedagogy:pretesting","domain","general"
"pedagogy:pretesting","lifespanStage","middle"
"pedagogy:pretesting","lifespanStage","secondary"
"pedagogy:pretesting","lifespanStage","postsecondary"
"pedagogy:pretesting","lifespanStage","adult-workplace"
"pedagogy:pretesting","function","diagnose"
"pedagogy:pretesting","function","practice"
"pedagogy:pretesting","evidenceStatus","context-dependent"
"pedagogy:pretesting","recommendationStatus","contextual-option"
"pedagogy:prior-knowledge-diagnostic","layer","principle"
"pedagogy:prior-knowledge-diagnostic","grainSize","lesson"
"pedagogy:prior-knowledge-diagnostic","maturity","established"
"pedagogy:prior-knowledge-diagnostic","tradition","cognitive"
"pedagogy:prior-knowledge-diagnostic","domain","general"
"pedagogy:prior-knowledge-diagnostic","lifespanStage","cross-lifespan"
"pedagogy:prior-knowledge-diagnostic","function","diagnose"
"pedagogy:prior-knowledge-diagnostic","evidenceStatus","strong"
"pedagogy:prior-knowledge-diagnostic","recommendationStatus","candidate-default-with-fit-check"
"pedagogy:prior-knowledge-variable","layer","construct"
"pedagogy:prior-knowledge-variable","grainSize","micro-move"
"pedagogy:prior-knowledge-variable","maturity","established"
"pedagogy:prior-knowledge-variable","tradition","cognitive"
"pedagogy:prior-knowledge-variable","domain","general"
"pedagogy:prior-knowledge-variable","lifespanStage","cross-lifespan"
"pedagogy:prior-knowledge-variable","function","diagnose"
"pedagogy:prior-knowledge-variable","function","sequence"
"pedagogy:prior-knowledge-variable","evidenceStatus","strong"
"pedagogy:prior-knowledge-variable","recommendationStatus","candidate-default-with-fit-check"
"pedagogy:problem-based-learning","layer","method"
"pedagogy:problem-based-learning","grainSize","unit-course"
"pedagogy:problem-based-learning","maturity","disputed"
"pedagogy:problem-based-learning","tradition","constructivist"
"pedagogy:problem-based-learning","tradition","sociocultural"
"pedagogy:problem-based-learning","domain","health"
"pedagogy:problem-based-learning","domain","professional-workplace"
"pedagogy:problem-based-learning","domain","science"
"pedagogy:problem-based-learning","domain","engineering-design"
"pedagogy:problem-based-learning","lifespanStage","secondary"
"pedagogy:problem-based-learning","lifespanStage","postsecondary"
"pedagogy:problem-based-learning","lifespanStage","adult-workplace"
"pedagogy:problem-based-learning","function","transfer"
"pedagogy:problem-based-learning","function","collaborate"
"pedagogy:problem-based-learning","function","motivate"
"pedagogy:problem-based-learning","evidenceStatus","contested"
"pedagogy:problem-based-learning","recommendationStatus","contextual-option"
"pedagogy:productive-failure","layer","tactic"
"pedagogy:productive-failure","grainSize","lesson"
"pedagogy:productive-failure","maturity","consolidating"
"pedagogy:productive-failure","tradition","constructivist"
"pedagogy:productive-failure","tradition","cognitive"
"pedagogy:productive-failure","domain","mathematics"
"pedagogy:productive-failure","domain","science"
"pedagogy:productive-failure","domain","general"
"pedagogy:productive-failure","lifespanStage","middle"
"pedagogy:productive-failure","lifespanStage","secondary"
"pedagogy:productive-failure","lifespanStage","postsecondary"
"pedagogy:productive-failure","function","transfer"
"pedagogy:productive-failure","function","practice"
"pedagogy:productive-failure","evidenceStatus","context-dependent"
"pedagogy:productive-failure","recommendationStatus","contextual-option"
"pedagogy:productive-struggle","layer","framework"
"pedagogy:productive-struggle","grainSize","lesson"
"pedagogy:productive-struggle","maturity","disputed"
"pedagogy:productive-struggle","tradition","constructivist"
"pedagogy:productive-struggle","domain","mathematics"
"pedagogy:productive-struggle","domain","general"
"pedagogy:productive-struggle","lifespanStage","primary"
"pedagogy:productive-struggle","lifespanStage","middle"
"pedagogy:productive-struggle","lifespanStage","secondary"
"pedagogy:productive-struggle","function","practice"
"pedagogy:productive-struggle","function","climate"
"pedagogy:productive-struggle","evidenceStatus","contested"
"pedagogy:productive-struggle","recommendationStatus","experimental-only"
"pedagogy:project-based-learning","layer","method"
"pedagogy:project-based-learning","grainSize","unit-course"
"pedagogy:project-based-learning","maturity","consolidating"
"pedagogy:project-based-learning","tradition","constructivist"
"pedagogy:project-based-learning","tradition","instructional-design"
"pedagogy:project-based-learning","domain","general"
"pedagogy:project-based-learning","domain","science"
"pedagogy:project-based-learning","domain","engineering-design"
"pedagogy:project-based-learning","domain","computing"
"pedagogy:project-based-learning","lifespanStage","primary"
"pedagogy:project-based-learning","lifespanStage","middle"
"pedagogy:project-based-learning","lifespanStage","secondary"
"pedagogy:project-based-learning","lifespanStage","postsecondary"
"pedagogy:project-based-learning","function","transfer"
"pedagogy:project-based-learning","function","motivate"
"pedagogy:project-based-learning","function","collaborate"
"pedagogy:project-based-learning","evidenceStatus","context-dependent"
"pedagogy:project-based-learning","recommendationStatus","contextual-option"
"pedagogy:reading-comprehension-knowledge","layer","principle"
"pedagogy:reading-comprehension-knowledge","grainSize","unit-course"
"pedagogy:reading-comprehension-knowledge","maturity","established"
"pedagogy:reading-comprehension-knowledge","tradition","cognitive"
"pedagogy:reading-comprehension-knowledge","domain","literacy"
"pedagogy:reading-comprehension-knowledge","lifespanStage","primary"
"pedagogy:reading-comprehension-knowledge","lifespanStage","middle"
"pedagogy:reading-comprehension-knowledge","lifespanStage","secondary"
"pedagogy:reading-comprehension-knowledge","function","explain"
"pedagogy:reading-comprehension-knowledge","function","consolidate"
"pedagogy:reading-comprehension-knowledge","evidenceStatus","strong"
"pedagogy:reading-comprehension-knowledge","recommendationStatus","candidate-default-with-fit-check"
"pedagogy:reading-fluency-repeated-reading","layer","tactic"
"pedagogy:reading-fluency-repeated-reading","grainSize","micro-move"
"pedagogy:reading-fluency-repeated-reading","maturity","established"
"pedagogy:reading-fluency-repeated-reading","tradition","behavioral"
"pedagogy:reading-fluency-repeated-reading","tradition","cognitive"
"pedagogy:reading-fluency-repeated-reading","domain","literacy"
"pedagogy:reading-fluency-repeated-reading","domain","special-education"
"pedagogy:reading-fluency-repeated-reading","lifespanStage","primary"
"pedagogy:reading-fluency-repeated-reading","lifespanStage","middle"
"pedagogy:reading-fluency-repeated-reading","lifespanStage","secondary"
"pedagogy:reading-fluency-repeated-reading","function","practice"
"pedagogy:reading-fluency-repeated-reading","function","feedback"
"pedagogy:reading-fluency-repeated-reading","evidenceStatus","strong"
"pedagogy:reading-fluency-repeated-reading","recommendationStatus","contextual-option"
"pedagogy:reciprocal-teaching","layer","method"
"pedagogy:reciprocal-teaching","grainSize","unit-course"
"pedagogy:reciprocal-teaching","maturity","established"
"pedagogy:reciprocal-teaching","tradition","sociocultural"
"pedagogy:reciprocal-teaching","tradition","cognitive"
"pedagogy:reciprocal-teaching","domain","literacy"
"pedagogy:reciprocal-teaching","lifespanStage","primary"
"pedagogy:reciprocal-teaching","lifespanStage","middle"
"pedagogy:reciprocal-teaching","lifespanStage","secondary"
"pedagogy:reciprocal-teaching","function","explain"
"pedagogy:reciprocal-teaching","function","collaborate"
"pedagogy:reciprocal-teaching","function","self-regulate"
"pedagogy:reciprocal-teaching","evidenceStatus","strong"
"pedagogy:reciprocal-teaching","recommendationStatus","contextual-option"
"pedagogy:reduced-feedback-frequency","layer","principle"
"pedagogy:reduced-feedback-frequency","grainSize","micro-move"
"pedagogy:reduced-feedback-frequency","maturity","established"
"pedagogy:reduced-feedback-frequency","tradition","behavioral"
"pedagogy:reduced-feedback-frequency","tradition","cognitive"
"pedagogy:reduced-feedback-frequency","domain","physical-motor"
"pedagogy:reduced-feedback-frequency","domain","health"
"pedagogy:reduced-feedback-frequency","domain","professional-workplace"
"pedagogy:reduced-feedback-frequency","lifespanStage","cross-lifespan"
"pedagogy:reduced-feedback-frequency","function","feedback"
"pedagogy:reduced-feedback-frequency","function","practice"
"pedagogy:reduced-feedback-frequency","evidenceStatus","strong"
"pedagogy:reduced-feedback-frequency","recommendationStatus","candidate-default-with-fit-check"
"pedagogy:rereading-and-highlighting","layer","anti-pattern"
"pedagogy:rereading-and-highlighting","grainSize","micro-move"
"pedagogy:rereading-and-highlighting","maturity","deprecated"
"pedagogy:rereading-and-highlighting","tradition","cognitive"
"pedagogy:rereading-and-highlighting","domain","general"
"pedagogy:rereading-and-highlighting","lifespanStage","middle"
"pedagogy:rereading-and-highlighting","lifespanStage","secondary"
"pedagogy:rereading-and-highlighting","lifespanStage","postsecondary"
"pedagogy:rereading-and-highlighting","lifespanStage","adult-workplace"
"pedagogy:rereading-and-highlighting","function","consolidate"
"pedagogy:rereading-and-highlighting","function","self-regulate"
"pedagogy:rereading-and-highlighting","evidenceStatus","refuted"
"pedagogy:rereading-and-highlighting","recommendationStatus","avoid"
"pedagogy:responsive-language-interaction","layer","tactic"
"pedagogy:responsive-language-interaction","grainSize","micro-move"
"pedagogy:responsive-language-interaction","maturity","established"
"pedagogy:responsive-language-interaction","tradition","developmental"
"pedagogy:responsive-language-interaction","tradition","sociocultural"
"pedagogy:responsive-language-interaction","domain","literacy"
"pedagogy:responsive-language-interaction","domain","multilingual"
"pedagogy:responsive-language-interaction","lifespanStage","infancy-toddler"
"pedagogy:responsive-language-interaction","lifespanStage","preschool"
"pedagogy:responsive-language-interaction","function","explain"
"pedagogy:responsive-language-interaction","function","feedback"
"pedagogy:responsive-language-interaction","evidenceStatus","strong"
"pedagogy:responsive-language-interaction","recommendationStatus","candidate-default-with-fit-check"
"pedagogy:retrieval-practice","layer","tactic"
"pedagogy:retrieval-practice","grainSize","micro-move"
"pedagogy:retrieval-practice","maturity","established"
"pedagogy:retrieval-practice","tradition","cognitive"
"pedagogy:retrieval-practice","domain","general"
"pedagogy:retrieval-practice","lifespanStage","primary"
"pedagogy:retrieval-practice","lifespanStage","middle"
"pedagogy:retrieval-practice","lifespanStage","secondary"
"pedagogy:retrieval-practice","lifespanStage","postsecondary"
"pedagogy:retrieval-practice","lifespanStage","adult-workplace"
"pedagogy:retrieval-practice","function","practice"
"pedagogy:retrieval-practice","function","consolidate"
"pedagogy:retrieval-practice","evidenceStatus","strong"
"pedagogy:retrieval-practice","recommendationStatus","candidate-default-with-fit-check"
"pedagogy:rubrics-and-exemplars","layer","tactic"
"pedagogy:rubrics-and-exemplars","grainSize","lesson"
"pedagogy:rubrics-and-exemplars","maturity","established"
"pedagogy:rubrics-and-exemplars","tradition","psychometric"
"pedagogy:rubrics-and-exemplars","tradition","instructional-design"
"pedagogy:rubrics-and-exemplars","domain","assessment-measurement"
"pedagogy:rubrics-and-exemplars","domain","literacy"
"pedagogy:rubrics-and-exemplars","domain","general"
"pedagogy:rubrics-and-exemplars","lifespanStage","primary"
"pedagogy:rubrics-and-exemplars","lifespanStage","middle"
"pedagogy:rubrics-and-exemplars","lifespanStage","secondary"
"pedagogy:rubrics-and-exemplars","lifespanStage","postsecondary"
"pedagogy:rubrics-and-exemplars","lifespanStage","adult-workplace"
"pedagogy:rubrics-and-exemplars","function","assess"
"pedagogy:rubrics-and-exemplars","function","feedback"
"pedagogy:rubrics-and-exemplars","function","explain"
"pedagogy:rubrics-and-exemplars","evidenceStatus","strong"
"pedagogy:rubrics-and-exemplars","recommendationStatus","contextual-option"
"pedagogy:schema-based-word-problems","layer","tactic"
"pedagogy:schema-based-word-problems","grainSize","lesson"
"pedagogy:schema-based-word-problems","maturity","established"
"pedagogy:schema-based-word-problems","tradition","cognitive"
"pedagogy:schema-based-word-problems","tradition","instructional-design"
"pedagogy:schema-based-word-problems","domain","mathematics"
"pedagogy:schema-based-word-problems","domain","special-education"
"pedagogy:schema-based-word-problems","lifespanStage","primary"
"pedagogy:schema-based-word-problems","lifespanStage","middle"
"pedagogy:schema-based-word-problems","function","explain"
"pedagogy:schema-based-word-problems","function","practice"
"pedagogy:schema-based-word-problems","function","transfer"
"pedagogy:schema-based-word-problems","evidenceStatus","strong"
"pedagogy:schema-based-word-problems","recommendationStatus","candidate-default-with-fit-check"
"pedagogy:schema-knowledge-organization","layer","theory"
"pedagogy:schema-knowledge-organization","grainSize","unit-course"
"pedagogy:schema-knowledge-organization","maturity","established"
"pedagogy:schema-knowledge-organization","tradition","cognitive"
"pedagogy:schema-knowledge-organization","domain","general"
"pedagogy:schema-knowledge-organization","lifespanStage","cross-lifespan"
"pedagogy:schema-knowledge-organization","function","explain"
"pedagogy:schema-knowledge-organization","function","transfer"
"pedagogy:schema-knowledge-organization","function","diagnose"
"pedagogy:schema-knowledge-organization","evidenceStatus","strong"
"pedagogy:schema-knowledge-organization","recommendationStatus","candidate-default-with-fit-check"
"pedagogy:science-argumentation","layer","method"
"pedagogy:science-argumentation","grainSize","unit-course"
"pedagogy:science-argumentation","maturity","consolidating"
"pedagogy:science-argumentation","tradition","constructivist"
"pedagogy:science-argumentation","tradition","sociocultural"
"pedagogy:science-argumentation","domain","science"
"pedagogy:science-argumentation","lifespanStage","primary"
"pedagogy:science-argumentation","lifespanStage","middle"
"pedagogy:science-argumentation","lifespanStage","secondary"
"pedagogy:science-argumentation","lifespanStage","postsecondary"
"pedagogy:science-argumentation","function","explain"
"pedagogy:science-argumentation","function","collaborate"
"pedagogy:science-argumentation","function","assess"
"pedagogy:science-argumentation","evidenceStatus","context-dependent"
"pedagogy:science-argumentation","recommendationStatus","contextual-option"
"pedagogy:science-three-dimensional","layer","framework"
"pedagogy:science-three-dimensional","grainSize","program-system"
"pedagogy:science-three-dimensional","maturity","consolidating"
"pedagogy:science-three-dimensional","tradition","constructivist"
"pedagogy:science-three-dimensional","tradition","instructional-design"
"pedagogy:science-three-dimensional","domain","science"
"pedagogy:science-three-dimensional","lifespanStage","primary"
"pedagogy:science-three-dimensional","lifespanStage","middle"
"pedagogy:science-three-dimensional","lifespanStage","secondary"
"pedagogy:science-three-dimensional","function","sequence"
"pedagogy:science-three-dimensional","function","explain"
"pedagogy:science-three-dimensional","evidenceStatus","context-dependent"
"pedagogy:science-three-dimensional","recommendationStatus","contextual-option"
"pedagogy:screen-media-young-children","layer","construct"
"pedagogy:screen-media-young-children","grainSize","program-system"
"pedagogy:screen-media-young-children","maturity","consolidating"
"pedagogy:screen-media-young-children","tradition","developmental"
"pedagogy:screen-media-young-children","domain","general"
"pedagogy:screen-media-young-children","domain","digital-environments"
"pedagogy:screen-media-young-children","lifespanStage","infancy-toddler"
"pedagogy:screen-media-young-children","lifespanStage","preschool"
"pedagogy:screen-media-young-children","function","access"
"pedagogy:screen-media-young-children","function","climate"
"pedagogy:screen-media-young-children","evidenceStatus","context-dependent"
"pedagogy:screen-media-young-children","recommendationStatus","contextual-option"
"pedagogy:self-assessment","layer","tactic"
"pedagogy:self-assessment","grainSize","micro-move"
"pedagogy:self-assessment","maturity","established"
"pedagogy:self-assessment","tradition","cognitive"
"pedagogy:self-assessment","tradition","psychometric"
"pedagogy:self-assessment","domain","general"
"pedagogy:self-assessment","domain","assessment-measurement"
"pedagogy:self-assessment","lifespanStage","primary"
"pedagogy:self-assessment","lifespanStage","middle"
"pedagogy:self-assessment","lifespanStage","secondary"
"pedagogy:self-assessment","lifespanStage","postsecondary"
"pedagogy:self-assessment","lifespanStage","adult-workplace"
"pedagogy:self-assessment","function","self-regulate"
"pedagogy:self-assessment","function","assess"
"pedagogy:self-assessment","function","feedback"
"pedagogy:self-assessment","evidenceStatus","strong"
"pedagogy:self-assessment","recommendationStatus","candidate-default-with-fit-check"
"pedagogy:self-determination-theory","layer","theory"
"pedagogy:self-determination-theory","grainSize","unit-course"
"pedagogy:self-determination-theory","maturity","established"
"pedagogy:self-determination-theory","tradition","motivational-social"
"pedagogy:self-determination-theory","domain","general"
"pedagogy:self-determination-theory","domain","professional-workplace"
"pedagogy:self-determination-theory","lifespanStage","cross-lifespan"
"pedagogy:self-determination-theory","function","motivate"
"pedagogy:self-determination-theory","function","climate"
"pedagogy:self-determination-theory","evidenceStatus","strong"
"pedagogy:self-determination-theory","recommendationStatus","candidate-default-with-fit-check"
"pedagogy:self-efficacy","layer","construct"
"pedagogy:self-efficacy","grainSize","micro-move"
"pedagogy:self-efficacy","maturity","established"
"pedagogy:self-efficacy","tradition","motivational-social"
"pedagogy:self-efficacy","domain","general"
"pedagogy:self-efficacy","lifespanStage","primary"
"pedagogy:self-efficacy","lifespanStage","middle"
"pedagogy:self-efficacy","lifespanStage","secondary"
"pedagogy:self-efficacy","lifespanStage","postsecondary"
"pedagogy:self-efficacy","lifespanStage","adult-workplace"
"pedagogy:self-efficacy","function","motivate"
"pedagogy:self-efficacy","function","diagnose"
"pedagogy:self-efficacy","evidenceStatus","strong"
"pedagogy:self-efficacy","recommendationStatus","contextual-option"
"pedagogy:self-explanation","layer","tactic"
"pedagogy:self-explanation","grainSize","micro-move"
"pedagogy:self-explanation","maturity","established"
"pedagogy:self-explanation","tradition","cognitive"
"pedagogy:self-explanation","domain","general"
"pedagogy:self-explanation","lifespanStage","primary"
"pedagogy:self-explanation","lifespanStage","middle"
"pedagogy:self-explanation","lifespanStage","secondary"
"pedagogy:self-explanation","lifespanStage","postsecondary"
"pedagogy:self-explanation","function","explain"
"pedagogy:self-explanation","function","consolidate"
"pedagogy:self-explanation","evidenceStatus","context-dependent"
"pedagogy:self-explanation","recommendationStatus","contextual-option"
"pedagogy:self-regulation-in-open-online-learning","layer","construct"
"pedagogy:self-regulation-in-open-online-learning","grainSize","program-system"
"pedagogy:self-regulation-in-open-online-learning","maturity","established"
"pedagogy:self-regulation-in-open-online-learning","tradition","motivational-social"
"pedagogy:self-regulation-in-open-online-learning","tradition","instructional-design"
"pedagogy:self-regulation-in-open-online-learning","domain","digital-environments"
"pedagogy:self-regulation-in-open-online-learning","domain","professional-workplace"
"pedagogy:self-regulation-in-open-online-learning","lifespanStage","postsecondary"
"pedagogy:self-regulation-in-open-online-learning","lifespanStage","adult-workplace"
"pedagogy:self-regulation-in-open-online-learning","lifespanStage","older-adult"
"pedagogy:self-regulation-in-open-online-learning","function","self-regulate"
"pedagogy:self-regulation-in-open-online-learning","function","access"
"pedagogy:self-regulation-in-open-online-learning","evidenceStatus","strong"
"pedagogy:self-regulation-in-open-online-learning","recommendationStatus","contextual-option"
"pedagogy:simple-view-of-reading","layer","theory"
"pedagogy:simple-view-of-reading","grainSize","unit-course"
"pedagogy:simple-view-of-reading","maturity","established"
"pedagogy:simple-view-of-reading","tradition","cognitive"
"pedagogy:simple-view-of-reading","domain","literacy"
"pedagogy:simple-view-of-reading","domain","multilingual"
"pedagogy:simple-view-of-reading","domain","special-education"
"pedagogy:simple-view-of-reading","lifespanStage","preschool"
"pedagogy:simple-view-of-reading","lifespanStage","primary"
"pedagogy:simple-view-of-reading","lifespanStage","middle"
"pedagogy:simple-view-of-reading","lifespanStage","secondary"
"pedagogy:simple-view-of-reading","function","diagnose"
"pedagogy:simple-view-of-reading","function","sequence"
"pedagogy:simple-view-of-reading","evidenceStatus","strong"
"pedagogy:simple-view-of-reading","recommendationStatus","candidate-default-with-fit-check"
"pedagogy:simulation-based-mastery-learning","layer","method"
"pedagogy:simulation-based-mastery-learning","grainSize","program-system"
"pedagogy:simulation-based-mastery-learning","maturity","established"
"pedagogy:simulation-based-mastery-learning","tradition","behavioral"
"pedagogy:simulation-based-mastery-learning","tradition","instructional-design"
"pedagogy:simulation-based-mastery-learning","domain","health"
"pedagogy:simulation-based-mastery-learning","domain","professional-workplace"
"pedagogy:simulation-based-mastery-learning","lifespanStage","postsecondary"
"pedagogy:simulation-based-mastery-learning","lifespanStage","adult-workplace"
"pedagogy:simulation-based-mastery-learning","function","practice"
"pedagogy:simulation-based-mastery-learning","function","feedback"
"pedagogy:simulation-based-mastery-learning","function","assess"
"pedagogy:simulation-based-mastery-learning","evidenceStatus","strong"
"pedagogy:simulation-based-mastery-learning","recommendationStatus","candidate-default-with-fit-check"
"pedagogy:simulations-virtual-labs","layer","method"
"pedagogy:simulations-virtual-labs","grainSize","lesson"
"pedagogy:simulations-virtual-labs","maturity","established"
"pedagogy:simulations-virtual-labs","tradition","constructivist"
"pedagogy:simulations-virtual-labs","tradition","cognitive"
"pedagogy:simulations-virtual-labs","domain","science"
"pedagogy:simulations-virtual-labs","domain","engineering-design"
"pedagogy:simulations-virtual-labs","domain","mathematics"
"pedagogy:simulations-virtual-labs","domain","digital-environments"
"pedagogy:simulations-virtual-labs","lifespanStage","middle"
"pedagogy:simulations-virtual-labs","lifespanStage","secondary"
"pedagogy:simulations-virtual-labs","lifespanStage","postsecondary"
"pedagogy:simulations-virtual-labs","function","explain"
"pedagogy:simulations-virtual-labs","function","practice"
"pedagogy:simulations-virtual-labs","function","transfer"
"pedagogy:simulations-virtual-labs","evidenceStatus","context-dependent"
"pedagogy:simulations-virtual-labs","recommendationStatus","contextual-option"
"pedagogy:sleep-and-consolidation","layer","construct"
"pedagogy:sleep-and-consolidation","grainSize","program-system"
"pedagogy:sleep-and-consolidation","maturity","established"
"pedagogy:sleep-and-consolidation","tradition","neuroscience"
"pedagogy:sleep-and-consolidation","tradition","developmental"
"pedagogy:sleep-and-consolidation","domain","general"
"pedagogy:sleep-and-consolidation","domain","health"
"pedagogy:sleep-and-consolidation","lifespanStage","cross-lifespan"
"pedagogy:sleep-and-consolidation","function","consolidate"
"pedagogy:sleep-and-consolidation","function","climate"
"pedagogy:sleep-and-consolidation","evidenceStatus","strong"
"pedagogy:sleep-and-consolidation","recommendationStatus","candidate-default-with-fit-check"
"pedagogy:social-emotional-learning","layer","method"
"pedagogy:social-emotional-learning","grainSize","program-system"
"pedagogy:social-emotional-learning","maturity","established"
"pedagogy:social-emotional-learning","tradition","motivational-social"
"pedagogy:social-emotional-learning","tradition","developmental"
"pedagogy:social-emotional-learning","domain","general"
"pedagogy:social-emotional-learning","lifespanStage","preschool"
"pedagogy:social-emotional-learning","lifespanStage","primary"
"pedagogy:social-emotional-learning","lifespanStage","middle"
"pedagogy:social-emotional-learning","lifespanStage","secondary"
"pedagogy:social-emotional-learning","function","climate"
"pedagogy:social-emotional-learning","function","self-regulate"
"pedagogy:social-emotional-learning","function","motivate"
"pedagogy:social-emotional-learning","evidenceStatus","strong"
"pedagogy:social-emotional-learning","recommendationStatus","candidate-default-with-fit-check"
"pedagogy:sociocultural-zpd","layer","theory"
"pedagogy:sociocultural-zpd","grainSize","lesson"
"pedagogy:sociocultural-zpd","maturity","established"
"pedagogy:sociocultural-zpd","tradition","sociocultural"
"pedagogy:sociocultural-zpd","tradition","developmental"
"pedagogy:sociocultural-zpd","domain","general"
"pedagogy:sociocultural-zpd","lifespanStage","cross-lifespan"
"pedagogy:sociocultural-zpd","function","explain"
"pedagogy:sociocultural-zpd","function","collaborate"
"pedagogy:sociocultural-zpd","function","sequence"
"pedagogy:sociocultural-zpd","evidenceStatus","context-dependent"
"pedagogy:sociocultural-zpd","recommendationStatus","contextual-option"
"pedagogy:socioeconomic-context","layer","construct"
"pedagogy:socioeconomic-context","grainSize","program-system"
"pedagogy:socioeconomic-context","maturity","established"
"pedagogy:socioeconomic-context","tradition","critical-equity"
"pedagogy:socioeconomic-context","tradition","developmental"
"pedagogy:socioeconomic-context","domain","general"
"pedagogy:socioeconomic-context","lifespanStage","cross-lifespan"
"pedagogy:socioeconomic-context","function","diagnose"
"pedagogy:socioeconomic-context","function","access"
"pedagogy:socioeconomic-context","function","climate"
"pedagogy:socioeconomic-context","evidenceStatus","strong"
"pedagogy:socioeconomic-context","recommendationStatus","do-not-generalize"
"pedagogy:spaced-repetition-scheduling","layer","tactic"
"pedagogy:spaced-repetition-scheduling","grainSize","micro-move"
"pedagogy:spaced-repetition-scheduling","maturity","established"
"pedagogy:spaced-repetition-scheduling","tradition","cognitive"
"pedagogy:spaced-repetition-scheduling","tradition","behavioral"
"pedagogy:spaced-repetition-scheduling","domain","general"
"pedagogy:spaced-repetition-scheduling","domain","world-language"
"pedagogy:spaced-repetition-scheduling","domain","health"
"pedagogy:spaced-repetition-scheduling","domain","professional-workplace"
"pedagogy:spaced-repetition-scheduling","lifespanStage","secondary"
"pedagogy:spaced-repetition-scheduling","lifespanStage","postsecondary"
"pedagogy:spaced-repetition-scheduling","lifespanStage","adult-workplace"
"pedagogy:spaced-repetition-scheduling","function","practice"
"pedagogy:spaced-repetition-scheduling","function","consolidate"
"pedagogy:spaced-repetition-scheduling","evidenceStatus","strong"
"pedagogy:spaced-repetition-scheduling","recommendationStatus","candidate-default-with-fit-check"
"pedagogy:spacing","layer","tactic"
"pedagogy:spacing","grainSize","micro-move"
"pedagogy:spacing","maturity","established"
"pedagogy:spacing","tradition","cognitive"
"pedagogy:spacing","domain","general"
"pedagogy:spacing","lifespanStage","primary"
"pedagogy:spacing","lifespanStage","middle"
"pedagogy:spacing","lifespanStage","secondary"
"pedagogy:spacing","lifespanStage","postsecondary"
"pedagogy:spacing","lifespanStage","adult-workplace"
"pedagogy:spacing","function","practice"
"pedagogy:spacing","function","consolidate"
"pedagogy:spacing","evidenceStatus","strong"
"pedagogy:spacing","recommendationStatus","candidate-default-with-fit-check"
"pedagogy:spatial-skills-training","layer","tactic"
"pedagogy:spatial-skills-training","grainSize","lesson"
"pedagogy:spatial-skills-training","maturity","consolidating"
"pedagogy:spatial-skills-training","tradition","cognitive"
"pedagogy:spatial-skills-training","tradition","developmental"
"pedagogy:spatial-skills-training","domain","mathematics"
"pedagogy:spatial-skills-training","domain","science"
"pedagogy:spatial-skills-training","domain","engineering-design"
"pedagogy:spatial-skills-training","lifespanStage","preschool"
"pedagogy:spatial-skills-training","lifespanStage","primary"
"pedagogy:spatial-skills-training","lifespanStage","middle"
"pedagogy:spatial-skills-training","lifespanStage","secondary"
"pedagogy:spatial-skills-training","lifespanStage","postsecondary"
"pedagogy:spatial-skills-training","function","practice"
"pedagogy:spatial-skills-training","function","transfer"
"pedagogy:spatial-skills-training","evidenceStatus","context-dependent"
"pedagogy:spatial-skills-training","recommendationStatus","contextual-option"
"pedagogy:stereotype-threat","layer","construct"
"pedagogy:stereotype-threat","grainSize","micro-move"
"pedagogy:stereotype-threat","maturity","disputed"
"pedagogy:stereotype-threat","tradition","motivational-social"
"pedagogy:stereotype-threat","tradition","critical-equity"
"pedagogy:stereotype-threat","domain","general"
"pedagogy:stereotype-threat","domain","assessment-measurement"
"pedagogy:stereotype-threat","lifespanStage","secondary"
"pedagogy:stereotype-threat","lifespanStage","postsecondary"
"pedagogy:stereotype-threat","lifespanStage","adult-workplace"
"pedagogy:stereotype-threat","function","climate"
"pedagogy:stereotype-threat","function","assess"
"pedagogy:stereotype-threat","evidenceStatus","contested"
"pedagogy:stereotype-threat","recommendationStatus","do-not-generalize"
"pedagogy:structured-collaboration","layer","tactic"
"pedagogy:structured-collaboration","grainSize","lesson"
"pedagogy:structured-collaboration","maturity","established"
"pedagogy:structured-collaboration","tradition","sociocultural"
"pedagogy:structured-collaboration","domain","general"
"pedagogy:structured-collaboration","lifespanStage","primary"
"pedagogy:structured-collaboration","lifespanStage","middle"
"pedagogy:structured-collaboration","lifespanStage","secondary"
"pedagogy:structured-collaboration","lifespanStage","postsecondary"
"pedagogy:structured-collaboration","function","collaborate"
"pedagogy:structured-collaboration","function","practice"
"pedagogy:structured-collaboration","evidenceStatus","context-dependent"
"pedagogy:structured-collaboration","recommendationStatus","contextual-option"
"pedagogy:study-skills-programs","layer","method"
"pedagogy:study-skills-programs","grainSize","unit-course"
"pedagogy:study-skills-programs","maturity","established"
"pedagogy:study-skills-programs","tradition","cognitive"
"pedagogy:study-skills-programs","tradition","instructional-design"
"pedagogy:study-skills-programs","domain","general"
"pedagogy:study-skills-programs","lifespanStage","secondary"
"pedagogy:study-skills-programs","lifespanStage","postsecondary"
"pedagogy:study-skills-programs","lifespanStage","adult-workplace"
"pedagogy:study-skills-programs","function","self-regulate"
"pedagogy:study-skills-programs","function","transfer"
"pedagogy:study-skills-programs","evidenceStatus","strong"
"pedagogy:study-skills-programs","recommendationStatus","contextual-option"
"pedagogy:summarization-training","layer","tactic"
"pedagogy:summarization-training","grainSize","micro-move"
"pedagogy:summarization-training","maturity","established"
"pedagogy:summarization-training","tradition","cognitive"
"pedagogy:summarization-training","domain","literacy"
"pedagogy:summarization-training","domain","general"
"pedagogy:summarization-training","lifespanStage","middle"
"pedagogy:summarization-training","lifespanStage","secondary"
"pedagogy:summarization-training","lifespanStage","postsecondary"
"pedagogy:summarization-training","function","consolidate"
"pedagogy:summarization-training","function","self-regulate"
"pedagogy:summarization-training","evidenceStatus","context-dependent"
"pedagogy:summarization-training","recommendationStatus","contextual-option"
"pedagogy:system-resource-tradeoffs","layer","construct"
"pedagogy:system-resource-tradeoffs","grainSize","program-system"
"pedagogy:system-resource-tradeoffs","maturity","consolidating"
"pedagogy:system-resource-tradeoffs","tradition","critical-equity"
"pedagogy:system-resource-tradeoffs","tradition","instructional-design"
"pedagogy:system-resource-tradeoffs","domain","general"
"pedagogy:system-resource-tradeoffs","domain","teacher-development"
"pedagogy:system-resource-tradeoffs","lifespanStage","primary"
"pedagogy:system-resource-tradeoffs","lifespanStage","middle"
"pedagogy:system-resource-tradeoffs","lifespanStage","secondary"
"pedagogy:system-resource-tradeoffs","function","sequence"
"pedagogy:system-resource-tradeoffs","function","access"
"pedagogy:system-resource-tradeoffs","function","climate"
"pedagogy:system-resource-tradeoffs","evidenceStatus","context-dependent"
"pedagogy:system-resource-tradeoffs","recommendationStatus","contextual-option"
"pedagogy:systematic-phonics-programme","layer","method"
"pedagogy:systematic-phonics-programme","grainSize","program-system"
"pedagogy:systematic-phonics-programme","maturity","established"
"pedagogy:systematic-phonics-programme","tradition","cognitive"
"pedagogy:systematic-phonics-programme","tradition","behavioral"
"pedagogy:systematic-phonics-programme","domain","literacy"
"pedagogy:systematic-phonics-programme","domain","special-education"
"pedagogy:systematic-phonics-programme","lifespanStage","preschool"
"pedagogy:systematic-phonics-programme","lifespanStage","primary"
"pedagogy:systematic-phonics-programme","lifespanStage","middle"
"pedagogy:systematic-phonics-programme","function","explain"
"pedagogy:systematic-phonics-programme","function","practice"
"pedagogy:systematic-phonics-programme","function","sequence"
"pedagogy:systematic-phonics-programme","evidenceStatus","strong"
"pedagogy:systematic-phonics-programme","recommendationStatus","candidate-default-with-fit-check"
"pedagogy:task-based-language-teaching","layer","method"
"pedagogy:task-based-language-teaching","grainSize","unit-course"
"pedagogy:task-based-language-teaching","maturity","consolidating"
"pedagogy:task-based-language-teaching","tradition","sociocultural"
"pedagogy:task-based-language-teaching","tradition","cognitive"
"pedagogy:task-based-language-teaching","domain","world-language"
"pedagogy:task-based-language-teaching","domain","multilingual"
"pedagogy:task-based-language-teaching","lifespanStage","primary"
"pedagogy:task-based-language-teaching","lifespanStage","middle"
"pedagogy:task-based-language-teaching","lifespanStage","secondary"
"pedagogy:task-based-language-teaching","lifespanStage","postsecondary"
"pedagogy:task-based-language-teaching","lifespanStage","adult-workplace"
"pedagogy:task-based-language-teaching","function","practice"
"pedagogy:task-based-language-teaching","function","transfer"
"pedagogy:task-based-language-teaching","function","motivate"
"pedagogy:task-based-language-teaching","evidenceStatus","context-dependent"
"pedagogy:task-based-language-teaching","recommendationStatus","contextual-option"
"pedagogy:teacher-expectancy","layer","construct"
"pedagogy:teacher-expectancy","grainSize","program-system"
"pedagogy:teacher-expectancy","maturity","consolidating"
"pedagogy:teacher-expectancy","tradition","motivational-social"
"pedagogy:teacher-expectancy","tradition","critical-equity"
"pedagogy:teacher-expectancy","domain","general"
"pedagogy:teacher-expectancy","domain","teacher-development"
"pedagogy:teacher-expectancy","lifespanStage","primary"
"pedagogy:teacher-expectancy","lifespanStage","middle"
"pedagogy:teacher-expectancy","lifespanStage","secondary"
"pedagogy:teacher-expectancy","function","climate"
"pedagogy:teacher-expectancy","function","diagnose"
"pedagogy:teacher-expectancy","evidenceStatus","context-dependent"
"pedagogy:teacher-expectancy","recommendationStatus","contextual-option"
"pedagogy:test-enhanced-transfer-limits","layer","constraint"
"pedagogy:test-enhanced-transfer-limits","grainSize","micro-move"
"pedagogy:test-enhanced-transfer-limits","maturity","established"
"pedagogy:test-enhanced-transfer-limits","tradition","cognitive"
"pedagogy:test-enhanced-transfer-limits","domain","general"
"pedagogy:test-enhanced-transfer-limits","domain","assessment-measurement"
"pedagogy:test-enhanced-transfer-limits","lifespanStage","cross-lifespan"
"pedagogy:test-enhanced-transfer-limits","function","transfer"
"pedagogy:test-enhanced-transfer-limits","function","practice"
"pedagogy:test-enhanced-transfer-limits","function","assess"
"pedagogy:test-enhanced-transfer-limits","evidenceStatus","strong"
"pedagogy:test-enhanced-transfer-limits","recommendationStatus","candidate-default-with-fit-check"
"pedagogy:text-structure-instruction","layer","tactic"
"pedagogy:text-structure-instruction","grainSize","lesson"
"pedagogy:text-structure-instruction","maturity","established"
"pedagogy:text-structure-instruction","tradition","cognitive"
"pedagogy:text-structure-instruction","domain","literacy"
"pedagogy:text-structure-instruction","domain","history-social-studies"
"pedagogy:text-structure-instruction","domain","science"
"pedagogy:text-structure-instruction","lifespanStage","primary"
"pedagogy:text-structure-instruction","lifespanStage","middle"
"pedagogy:text-structure-instruction","lifespanStage","secondary"
"pedagogy:text-structure-instruction","function","explain"
"pedagogy:text-structure-instruction","function","consolidate"
"pedagogy:text-structure-instruction","evidenceStatus","strong"
"pedagogy:text-structure-instruction","recommendationStatus","contextual-option"
"pedagogy:threshold-concepts","layer","theory"
"pedagogy:threshold-concepts","grainSize","unit-course"
"pedagogy:threshold-concepts","maturity","emerging"
"pedagogy:threshold-concepts","tradition","constructivist"
"pedagogy:threshold-concepts","domain","general"
"pedagogy:threshold-concepts","domain","history-social-studies"
"pedagogy:threshold-concepts","domain","science"
"pedagogy:threshold-concepts","lifespanStage","secondary"
"pedagogy:threshold-concepts","lifespanStage","postsecondary"
"pedagogy:threshold-concepts","lifespanStage","adult-workplace"
"pedagogy:threshold-concepts","function","sequence"
"pedagogy:threshold-concepts","function","diagnose"
"pedagogy:threshold-concepts","evidenceStatus","hypothesis"
"pedagogy:threshold-concepts","recommendationStatus","experimental-only"
"pedagogy:tpack","layer","framework"
"pedagogy:tpack","grainSize","program-system"
"pedagogy:tpack","maturity","consolidating"
"pedagogy:tpack","tradition","instructional-design"
"pedagogy:tpack","domain","teacher-development"
"pedagogy:tpack","domain","digital-environments"
"pedagogy:tpack","lifespanStage","cross-lifespan"
"pedagogy:tpack","function","sequence"
"pedagogy:tpack","function","explain"
"pedagogy:tpack","evidenceStatus","context-dependent"
"pedagogy:tpack","recommendationStatus","do-not-generalize"
"pedagogy:training-design-effectiveness","layer","principle"
"pedagogy:training-design-effectiveness","grainSize","program-system"
"pedagogy:training-design-effectiveness","maturity","established"
"pedagogy:training-design-effectiveness","tradition","instructional-design"
"pedagogy:training-design-effectiveness","tradition","behavioral"
"pedagogy:training-design-effectiveness","domain","professional-workplace"
"pedagogy:training-design-effectiveness","domain","health"
"pedagogy:training-design-effectiveness","lifespanStage","adult-workplace"
"pedagogy:training-design-effectiveness","function","practice"
"pedagogy:training-design-effectiveness","function","assess"
"pedagogy:training-design-effectiveness","function","feedback"
"pedagogy:training-design-effectiveness","evidenceStatus","strong"
"pedagogy:training-design-effectiveness","recommendationStatus","candidate-default-with-fit-check"
"pedagogy:transfer-bridging","layer","principle"
"pedagogy:transfer-bridging","grainSize","unit-course"
"pedagogy:transfer-bridging","maturity","consolidating"
"pedagogy:transfer-bridging","tradition","cognitive"
"pedagogy:transfer-bridging","domain","general"
"pedagogy:transfer-bridging","lifespanStage","cross-lifespan"
"pedagogy:transfer-bridging","function","transfer"
"pedagogy:transfer-bridging","evidenceStatus","context-dependent"
"pedagogy:transfer-bridging","recommendationStatus","contextual-option"
"pedagogy:transfer-of-training","layer","framework"
"pedagogy:transfer-of-training","grainSize","program-system"
"pedagogy:transfer-of-training","maturity","established"
"pedagogy:transfer-of-training","tradition","instructional-design"
"pedagogy:transfer-of-training","tradition","motivational-social"
"pedagogy:transfer-of-training","domain","professional-workplace"
"pedagogy:transfer-of-training","lifespanStage","adult-workplace"
"pedagogy:transfer-of-training","function","transfer"
"pedagogy:transfer-of-training","function","climate"
"pedagogy:transfer-of-training","evidenceStatus","strong"
"pedagogy:transfer-of-training","recommendationStatus","candidate-default-with-fit-check"
"pedagogy:transformative-learning","layer","theory"
"pedagogy:transformative-learning","grainSize","program-system"
"pedagogy:transformative-learning","maturity","emerging"
"pedagogy:transformative-learning","tradition","constructivist"
"pedagogy:transformative-learning","tradition","critical-equity"
"pedagogy:transformative-learning","domain","professional-workplace"
"pedagogy:transformative-learning","domain","general"
"pedagogy:transformative-learning","lifespanStage","adult-workplace"
"pedagogy:transformative-learning","lifespanStage","older-adult"
"pedagogy:transformative-learning","lifespanStage","postsecondary"
"pedagogy:transformative-learning","function","transfer"
"pedagogy:transformative-learning","function","self-regulate"
"pedagogy:transformative-learning","function","climate"
"pedagogy:transformative-learning","evidenceStatus","hypothesis"
"pedagogy:transformative-learning","recommendationStatus","experimental-only"
"pedagogy:udl-options","layer","framework"
"pedagogy:udl-options","grainSize","program-system"
"pedagogy:udl-options","maturity","disputed"
"pedagogy:udl-options","tradition","critical-equity"
"pedagogy:udl-options","tradition","instructional-design"
"pedagogy:udl-options","domain","special-education"
"pedagogy:udl-options","domain","general"
"pedagogy:udl-options","lifespanStage","primary"
"pedagogy:udl-options","lifespanStage","middle"
"pedagogy:udl-options","lifespanStage","secondary"
"pedagogy:udl-options","lifespanStage","postsecondary"
"pedagogy:udl-options","function","access"
"pedagogy:udl-options","function","sequence"
"pedagogy:udl-options","evidenceStatus","contested"
"pedagogy:udl-options","recommendationStatus","do-not-generalize"
"pedagogy:utility-value-intervention","layer","tactic"
"pedagogy:utility-value-intervention","grainSize","micro-move"
"pedagogy:utility-value-intervention","maturity","consolidating"
"pedagogy:utility-value-intervention","tradition","motivational-social"
"pedagogy:utility-value-intervention","domain","science"
"pedagogy:utility-value-intervention","domain","mathematics"
"pedagogy:utility-value-intervention","domain","general"
"pedagogy:utility-value-intervention","lifespanStage","secondary"
"pedagogy:utility-value-intervention","lifespanStage","postsecondary"
"pedagogy:utility-value-intervention","function","motivate"
"pedagogy:utility-value-intervention","evidenceStatus","context-dependent"
"pedagogy:utility-value-intervention","recommendationStatus","contextual-option"
"pedagogy:variation-theory","layer","framework"
"pedagogy:variation-theory","grainSize","lesson"
"pedagogy:variation-theory","maturity","emerging"
"pedagogy:variation-theory","tradition","constructivist"
"pedagogy:variation-theory","tradition","instructional-design"
"pedagogy:variation-theory","domain","mathematics"
"pedagogy:variation-theory","domain","science"
"pedagogy:variation-theory","domain","general"
"pedagogy:variation-theory","lifespanStage","primary"
"pedagogy:variation-theory","lifespanStage","middle"
"pedagogy:variation-theory","lifespanStage","secondary"
"pedagogy:variation-theory","function","explain"
"pedagogy:variation-theory","function","sequence"
"pedagogy:variation-theory","evidenceStatus","hypothesis"
"pedagogy:variation-theory","recommendationStatus","experimental-only"
"pedagogy:wait-time","layer","tactic"
"pedagogy:wait-time","grainSize","micro-move"
"pedagogy:wait-time","maturity","established"
"pedagogy:wait-time","tradition","cognitive"
"pedagogy:wait-time","tradition","sociocultural"
"pedagogy:wait-time","domain","general"
"pedagogy:wait-time","lifespanStage","primary"
"pedagogy:wait-time","lifespanStage","middle"
"pedagogy:wait-time","lifespanStage","secondary"
"pedagogy:wait-time","lifespanStage","postsecondary"
"pedagogy:wait-time","function","explain"
"pedagogy:wait-time","function","collaborate"
"pedagogy:wait-time","function","access"
"pedagogy:wait-time","evidenceStatus","context-dependent"
"pedagogy:wait-time","recommendationStatus","contextual-option"
"pedagogy:worked-examples-fading","layer","tactic"
"pedagogy:worked-examples-fading","grainSize","micro-move"
"pedagogy:worked-examples-fading","maturity","established"
"pedagogy:worked-examples-fading","tradition","cognitive"
"pedagogy:worked-examples-fading","domain","general"
"pedagogy:worked-examples-fading","domain","mathematics"
"pedagogy:worked-examples-fading","lifespanStage","cross-lifespan"
"pedagogy:worked-examples-fading","function","explain"
"pedagogy:worked-examples-fading","function","practice"
"pedagogy:worked-examples-fading","evidenceStatus","strong"
"pedagogy:worked-examples-fading","recommendationStatus","candidate-default-with-fit-check"
"pedagogy:working-memory-capacity","layer","construct"
"pedagogy:working-memory-capacity","grainSize","micro-move"
"pedagogy:working-memory-capacity","maturity","established"
"pedagogy:working-memory-capacity","tradition","cognitive"
"pedagogy:working-memory-capacity","tradition","neuroscience"
"pedagogy:working-memory-capacity","domain","general"
"pedagogy:working-memory-capacity","domain","special-education"
"pedagogy:working-memory-capacity","lifespanStage","cross-lifespan"
"pedagogy:working-memory-capacity","function","diagnose"
"pedagogy:working-memory-capacity","function","access"
"pedagogy:working-memory-capacity","evidenceStatus","strong"
"pedagogy:working-memory-capacity","recommendationStatus","contextual-option"
"pedagogy:writing-model-practice-reflect","layer","tactic"
"pedagogy:writing-model-practice-reflect","grainSize","unit-course"
"pedagogy:writing-model-practice-reflect","maturity","established"
"pedagogy:writing-model-practice-reflect","tradition","cognitive"
"pedagogy:writing-model-practice-reflect","tradition","behavioral"
"pedagogy:writing-model-practice-reflect","domain","literacy"
"pedagogy:writing-model-practice-reflect","lifespanStage","primary"
"pedagogy:writing-model-practice-reflect","lifespanStage","middle"
"pedagogy:writing-model-practice-reflect","lifespanStage","secondary"
"pedagogy:writing-model-practice-reflect","function","practice"
"pedagogy:writing-model-practice-reflect","function","feedback"
"pedagogy:writing-model-practice-reflect","evidenceStatus","strong"
"pedagogy:writing-model-practice-reflect","recommendationStatus","candidate-default-with-fit-check"
"pedagogy:writing-strategy-instruction","layer","method"
"pedagogy:writing-strategy-instruction","grainSize","unit-course"
"pedagogy:writing-strategy-instruction","maturity","established"
"pedagogy:writing-strategy-instruction","tradition","cognitive"
"pedagogy:writing-strategy-instruction","tradition","behavioral"
"pedagogy:writing-strategy-instruction","domain","literacy"
"pedagogy:writing-strategy-instruction","lifespanStage","primary"
"pedagogy:writing-strategy-instruction","lifespanStage","middle"
"pedagogy:writing-strategy-instruction","lifespanStage","secondary"
"pedagogy:writing-strategy-instruction","function","practice"
"pedagogy:writing-strategy-instruction","function","self-regulate"
"pedagogy:writing-strategy-instruction","function","feedback"
"pedagogy:writing-strategy-instruction","evidenceStatus","strong"
"pedagogy:writing-strategy-instruction","recommendationStatus","candidate-default-with-fit-check"
