"id","label","layer","maturity","traditions","domains","lifespan_stages","functions","grain_size","summary","mechanism","task_types","contexts","prerequisites","constraints","risks","observable_evidence","evidence_status","evidence_confidence","evidence_basis","directness","generalizability","effect","recommendation_status","recommendation_rationale","source_ids","source_locators","tags","provenance"
"pedagogy:academic-language-multilingual","Academic language integrated with content for multilingual learners","tactic","established","sociocultural | critical-equity","multilingual | literacy","primary | middle | secondary","explain | access","unit-course","Provide repeated meaningful encounters and productive use of high-utility academic language within grade-level disciplinary content.","Speaking, reading, and writing connect language forms to disciplinary concepts across multiple contexts and representations.","content learning | academic reading | disciplinary writing","multilingual classroom | content area","Selected high-utility language | Structured oral interaction | Attention to home-language and cultural knowledge","Maintain access to grade-level ideas | Distinguish language proficiency from content understanding","Decontextualized vocabulary replacing content | Deficit assumptions about multilingual learners | Assessment language obscuring the construct","Meaningful language use across modes and tasks; measure=Understanding and production in speaking, reading, writing, and novel content application; timing=Across repeated encounters and a new disciplinary task; caveat=English surface fluency is not a complete measure of disciplinary understanding","strong","high","IES/WWC evidence-rated guidance supports intensive academic vocabulary and integrated oral and written language in content teaching.","direct-intervention","Elementary and middle-school English learners; adapt to language histories and disciplines.","","candidate-default-with-fit-check","Build academic language through authentic disciplinary use while preserving content rigor and multilingual assets.","source:ell-wwc | source:hpl2","","literacy | multilingual | language | equity","inherited"
"pedagogy:accessibility-by-design","Accessibility by design","constraint","established","critical-equity | instructional-design","digital-environments | special-education","cross-lifespan","access","program-system","Make learning content and interaction perceivable, operable, understandable, and robust across sensory, motor, and cognitive access needs.","Semantic structure, alternatives, captions, keyboard access, visible focus, contrast, and predictable interaction remove barriers before learning can occur.","digital learning | media | document | assessment","web | app | slides | remote learning","Semantic structure | Assistive-technology compatibility | Human testing with affected users","WCAG conformance is a floor, not proof of usability or learning | Retain individualized accommodations","Automated conformance treated as completion | Inaccessible fallback path | Alternative format changing the construct","Equivalent task access; measure=WCAG checks, keyboard and screen-reader completion, captions, errors, abandonment, and learner-reported barriers; timing=During design and after deployment; caveat=Accessibility enables participation but does not itself prove learning effectiveness","normative-standard","high","W3C international technical standard; learning gains require separate study.","normative","Digital content and interaction for all ages.","","candidate-default-with-fit-check","Treat access as a prerequisite and verify with both conformance tests and real task completion.","source:wcag22 | source:testing-standards","","accessibility | digital | standard | equity","inherited"
"pedagogy:achievement-goal-orientation","Achievement goal orientation","construct","consolidating","motivational-social","general","middle | secondary | postsecondary | adult-workplace","motivate | climate | diagnose","unit-course","Learners pursue mastery or performance goals in approach or avoidance form, and these orientations predict different patterns of strategy use and response to difficulty.","The goal a learner adopts determines what counts as success, and therefore whether difficulty is information or threat.","response to difficulty | help seeking | strategy choice","classroom | assessment systems | workplace learning","A goal structure the environment actually signals | Measurement of adopted rather than assigned goals","Performance-approach goals are not uniformly harmful | Environmental goal structure and personal goals are distinct | Effects on achievement are small and inconsistent","Labelling learners by orientation | Assuming mastery framing alone changes behaviour in a competitive system | Reading avoidance as low ability","Goal adoption and response to difficulty; measure=Validated goal scales plus observed help-seeking and persistence after failure; timing=During challenging work; caveat=Assessment and grading structures often override stated framing","context-dependent","moderate","A well-developed measurement literature with consistent process findings and small, inconsistent achievement effects.","mixed-direct-and-inferential","Mostly secondary and higher education self-report studies.","","contextual-option","Change what the environment rewards before trying to change learner goal talk; never use as a learner label.","source:elliot-mcgregor | source:eccles-wigfield-2020","","construct | motivation | climate | learner-traits","new"
"pedagogy:actionable-feedback","Actionable task- and process-focused feedback","tactic","established","cognitive | motivational-social","general","cross-lifespan","feedback","micro-move","Give specific information about the current task or strategy and a usable next step, then allow the learner to act on it.","Feedback reduces uncertainty about the gap between current and desired performance and can redirect strategy and monitoring.","practice | draft revision | skill refinement","teacher feedback | peer review | adaptive system","A clear goal or success criterion | An authentic opportunity to revise or retry","Calibrate amount and timing | Preserve the learner's next cognitive action","Person-focused praise or blame | Answer-giving that creates dependence | Overload or interruption | Assuming feedback is uniformly beneficial","Feedback uptake and reduced repeated error; measure=Revision quality, next-task strategy, independent performance, and error recurrence; timing=On the next attempt and delayed transfer; caveat=Learner satisfaction is not a learning measure","strong","high","Large meta-analytic evidence shows a positive average with substantial heterogeneity and documented negative effects.","direct-intervention","Broad, but effects depend on attention target, information content, timing, and opportunity to act.","","candidate-default-with-fit-check","Strong candidate when it is informative, task-focused, proportionate, and followed by action.","source:feedback-meta | source:retrieval-meta","","general | feedback | revision | practice","inherited"
"pedagogy:active-learning-stem","Active learning in postsecondary STEM","method","established","cognitive | instructional-design","science | mathematics | engineering-design | computing","postsecondary","practice | feedback | collaborate","lesson","Replacing continuous lecture with structured student activity raises exam performance and cuts failure rates in undergraduate STEM courses, with larger relative gains for underrepresented students.","Frequent required responses surface misconceptions during class, provide retrieval and feedback, and shift processing to the learner.","concept mastery | problem solving | large-lecture instruction","higher education | large lecture | laboratory","Prepared conceptual questions or tasks | A response mechanism for every student | Instructor willingness to adapt on the spot","'Active' covers a wide range of designs of very different quality | Publication bias likely inflates the average | Learners often report learning less while learning more","Labelling any group activity as active learning | Abandoning the method because students rate it lower | Reducing it to unstructured discussion","Exam and concept-inventory performance and failure rate; measure=Common exams or validated concept inventories plus DFW rates, disaggregated by subgroup; timing=Across a term; caveat=Student satisfaction can move opposite to learning","strong","high","Large meta-analyses of controlled comparisons in undergraduate STEM, plus a direct experiment showing perceived learning diverges from measured learning.","direct-intervention","Undergraduate STEM in particular; the label covers heterogeneous designs.","metric=d; value=0.47; note=Examination performance; failure rates about 1.5 times higher under lecturing. Achievement-gap reductions of roughly a third reported for underrepresented students.","candidate-default-with-fit-check","Well-evidenced for undergraduate STEM; expect and pre-empt the perceived-learning dip.","source:freeman-active-learning | source:theobald-active-equity | source:deslauriers-feeling","","method | engagement | equity | practice","new"
"pedagogy:adolescent-agency","Adolescent agency, identity, and flexible pathways","principle","consolidating","developmental | motivational-social","general","middle | secondary","motivate | climate","program-system","Offer adolescents meaningful bounded choices, supportive relationships, reflection, and pathways connected to interests, identity, and purpose.","Increasing capacities for abstract reasoning, decision-making, and identity formation can be channeled by authentic agency and relational safety.","project | transition | goal setting | community problem","secondary school | community learning | career exploration","Authentic choices | Safe supportive relationships | Differentiated pace and access","Keep instruction and scaffolding available | Respect within-age variability","Token choice | Treating adolescents only as risk | Assuming independence without support | Neuromyths","Purposeful agency with learning progress; measure=Choice rationale, goal revision, belonging, persistence, decision quality, and project/reflection artifact; timing=Across a meaningful project or transition; caveat=Agency should not be inferred from compliance or option clicking","context-dependent","moderate","National Academies consensus recommendations; specific program effects remain implementation-dependent.","consensus-design","Roughly ages 10-25 with high individual and contextual variability.","","contextual-option","Pair meaningful choice with relationships, competence support, and observable learning goals.","source:adolescent-nasem | source:hpl2","","adolescent | agency | identity | motivation","inherited"
"pedagogy:adolescent-reading-intervention","Reading intervention for older struggling readers","method","established","cognitive | instructional-design","literacy | special-education","middle | secondary","diagnose | practice | explain","program-system","Older struggling readers benefit from targeted intervention that builds word recognition where needed while explicitly developing vocabulary, knowledge, and comprehension of complex text.","Older learners' difficulties are heterogeneous, so effective intervention diagnoses the component profile and targets it rather than repeating primary-grade instruction.","decoding gaps in older learners | comprehension of complex text | vocabulary growth","intervention | secondary classroom | small group","Component diagnosis before placement | Age-appropriate materials | Sufficient intensity and duration","Effects for older learners are typically smaller than for early intervention | Motivation and identity issues are material at this age | Multi-component programmes make attribution hard","Infantilizing materials | Assuming all older struggling readers need phonics | Short low-intensity blocks with no measurable effect","Component-matched growth; measure=Component diagnostics plus standardized comprehension, with attendance and intensity records; timing=Across the intervention period; caveat=Group-level gains can hide non-responders who need a different profile","strong","moderate","Evidence-rated practice guides for adolescent literacy and for grades 4-9 reading interventions.","direct-intervention","Middle and secondary struggling readers in United States studies.","","candidate-default-with-fit-check","Diagnose the component profile first; do not default to either phonics or comprehension strategies for all older struggling readers.","source:reading-intervention-wwc | source:adolescent-literacy-wwc","","method | literacy | intervention | adolescent","new"
"pedagogy:adult-competency-frameworks","Adult competency frameworks and population skill data","framework","established","psychometric","professional-workplace | literacy | mathematics","adult-workplace | older-adult","assess | diagnose | access","program-system","Large-scale adult competency assessments describe literacy, numeracy, and problem-solving proficiency across populations, and reveal that a substantial share of adults operate at low proficiency levels.","Standardized proficiency scales make population-level skill distributions comparable and expose the gap between assumed and actual adult capability.","programme targeting | readability and design decisions | policy analysis","policy | workplace learning | product design","Correct interpretation of proficiency levels | Recognition that population data does not describe an individual","Population-level data cannot classify an individual | Proficiency levels are constructed cut points, not natural categories | Country comparisons carry substantial methodological caveats","Designing adult materials for an assumed high proficiency | Using population statistics to stereotype a group | Reading proficiency levels as fixed capacity","Design against realistic proficiency distributions; measure=Usability and comprehension testing with the actual target population; timing=During design; caveat=Designers systematically overestimate typical proficiency","normative-standard","high","A large international assessment programme providing standardized population proficiency data; descriptive rather than causal.","normative","Participating countries; population-level only.","","contextual-option","Use to calibrate design assumptions about adult materials; never to characterize an individual learner.","source:oecd-piaac | source:testing-standards","","framework | adult | measurement | access","new"
"pedagogy:adult-self-directed-learning","Supported adult self-directed learning","principle","consolidating","motivational-social | instructional-design","professional-workplace | general","postsecondary | adult-workplace | older-adult","self-regulate | motivate","program-system","Give adults meaningful control over goals and resources when readiness, domain knowledge, time, feedback, and workplace support make self-direction viable.","Goal setting, resource selection, monitoring, and authentic application can align learning with professional needs, but these capacities are not guaranteed by age.","professional learning | continuing education | workplace problem","workplace | health professions | online course","Sufficient domain and metacognitive skill | Reliable resources | Feedback | Protected time | Supportive work environment","Combine choice with scaffolds and access | Measure workplace generalization and maintenance","Assuming all adults are inherently self-directed | Offloading instructional responsibility | Ignoring culture, power, access, aging, or workplace climate","Independent regulation and authentic transfer; measure=Goal quality, calibration, strategy and resource changes, objective skill, workplace behavior, and maintenance; timing=Across learning and later work performance; caveat=Satisfaction and completion alone do not establish learning or transfer","context-dependent","moderate","National Academies lifespan synthesis supports active engagement and self-regulation while warning that age, context, and support matter.","mixed-direct-and-inferential","Adult and workplace learning; domain-specific intervention evidence is heterogeneous.","","contextual-option","Route on readiness and context evidence, never adult age alone.","source:hpl2 | source:metacognition-meta | source:transfer-taxonomy","","adult | self-direction | workplace | metacognition","inherited"
"pedagogy:algebra-instruction-strategies","Algebra instruction: structure, solved problems, and strategy choice","method","established","cognitive | instructional-design","mathematics","middle | secondary","explain | practice | transfer","unit-course","Algebra learning improves when learners analyse solved problems, attend to the structure of expressions and equations, and deliberately choose among solution strategies.","Studying solved problems shows the reasoning behind steps; structural attention supports valid transformations rather than memorized manipulations.","equation solving | expression manipulation | algebraic reasoning","secondary classroom | tutoring | adaptive software","Arithmetic and rational-number foundations | Solved problems with reasoning made visible | Discussion of strategy choice","Comparing strategies requires a baseline foothold, or it overloads novices | Structural language must be taught, not assumed | Procedural drilling alone produces brittle transfer","Strategy comparison before any strategy is secure | Solved problems presented without discussion | Memorized manipulation rules with no structural meaning","Structure-based reasoning and strategy choice; measure=Novel equation forms plus justification of chosen strategy; timing=Across the unit and at delay; caveat=Correct answers can be produced by pattern-matching the practised forms","strong","moderate","Evidence-rated practice guide for algebra with recommendations on solved problems, structure, and strategy choice.","direct-intervention","Middle and secondary algebra in United States settings.","","contextual-option","Sequence solved-problem analysis before strategy comparison; check that structure language is actually being used.","source:algebra-wwc | source:worked-examples-meta | source:rittle-johnson-star-comparison","source:algebra-wwc: Recommendations on using solved problems and on teaching students to utilize structure (minimal to moderate evidence ratings)","method | mathematics | example | comparison","new"
"pedagogy:analogical-case-comparison","Analogical comparison of cases","tactic","established","cognitive","general | mathematics | science | professional-workplace","middle | secondary | postsecondary | adult-workplace","transfer | explain","micro-move","Comparing two or more cases side by side and stating what they share promotes abstraction of the deep structure and later transfer.","Structural alignment forces attention to relations rather than surface features, producing a more portable schema than a single case does.","principle abstraction | transfer preparation | negotiation and judgment training","classroom | professional education | instructional materials","At least two cases sharing deep structure with different surfaces | An explicit prompt to compare and state the commonality","Merely presenting cases without comparison prompts does little | Cases must differ on surface and match on structure | Novices may align on the wrong features without guidance","Comparison prompts that elicit surface similarity | Too many cases at once overloading novices | Assuming spontaneous transfer without the explicit prompt","Stated principle and later spontaneous transfer; measure=Quality of the stated commonality plus performance on a new surface-different case; timing=After comparison and at delay; caveat=Correct comparison does not guarantee spontaneous later use","strong","moderate","Controlled experiments show explicit comparison substantially raises later transfer relative to studying cases separately.","direct-intervention","Demonstrated from classroom topics to professional negotiation training.","","candidate-default-with-fit-check","One of the few reliable levers on transfer; require an explicit comparison prompt, not just co-presentation.","source:gentner-analogical | source:transfer-taxonomy | source:rittle-johnson-star-comparison","","tactic | transfer | comparison | abstraction","new"
"pedagogy:andragogy","Andragogy (Knowles' assumptions about adult learners)","theory","disputed","instructional-design | motivational-social","professional-workplace | general","postsecondary | adult-workplace | older-adult","motivate | sequence","unit-course","A set of assumptions that adults are self-directed, bring experience, are readiness- and problem-centred, and are internally motivated; influential as design guidance but weak as an empirical theory.","The assumptions direct designers toward autonomy, experience-linking, and immediate applicability, which map onto better-evidenced motivational and prior-knowledge findings.","adult course design | workplace training design","workplace learning | continuing education | higher education","Learners with relevant experience and a real application context","The assumptions are not adult-specific: children also learn better with relevance and agency | Adult status does not confer self-direction in an unfamiliar domain | It has never been a well-tested causal theory","Withdrawing needed instruction because the learner is an adult | Assuming experience is always an asset rather than sometimes a misconception | Presenting andragogy as settled science","Actual self-direction in this domain; measure=Observed planning, monitoring, and help-seeking on a real task in the target domain; timing=At the start of a programme; caveat=Confident adults frequently over-estimate their self-direction in a new domain","contested","moderate","Widely used design heuristics whose adult-specific claims are not empirically established; reviewed critically in the adult-learning literature.","consensus-design","Design vocabulary rather than evidence; the underlying motivational findings are better sourced elsewhere.","","do-not-generalize","Use the design instincts, cite the motivation and prior-knowledge evidence instead; never withhold instruction because the learner is an adult.","source:merriam-adult-theory | source:ryan-deci-sdt","","theory | adult | contested | self-direction","new"
"pedagogy:assessment-fair-access","Fair and accessible assessment","constraint","established","psychometric | critical-equity","assessment-measurement | special-education","cross-lifespan","assess | access","program-system","Remove construct-irrelevant access barriers and verify whether accommodations preserve or alter the intended construct.","Accessible presentation and interaction reduce variance caused by sensory, motor, language, cultural, or technology barriers rather than target competence.","assessment | performance task | digital interaction","classroom | remote | high-stakes","A clearly bounded construct | Accessibility expertise, assistive-technology compatibility, and representative testing","Accommodation preserves the intended construct; modification changes it and may break comparability | Report adaptation use","Assuming identical treatment is fair | Adding access late | Silently comparing modified and unmodified scores","Comparable access to the intended construct; measure=Accessibility audit, assistive-technology completion, accommodation usability, subgroup/DIF analysis, and cognitive lab; timing=Before launch and after deployment; caveat=A subgroup score gap alone neither proves nor rules out item bias","normative-standard","high","Professional standards for fairness, accessibility, and intended score use.","normative","All assessment, especially diverse and high-stakes populations.","","candidate-default-with-fit-check","Accessibility and fairness are validity conditions, not optional enhancements.","source:testing-standards | source:wcag22","","assessment | accessibility | fairness | accommodation","inherited"
"pedagogy:assessment-for-learning-strategies","Assessment for learning as instructional strategy","framework","established","instructional-design | psychometric","assessment-measurement | general","primary | middle | secondary | postsecondary","assess | feedback | self-regulate | collaborate","lesson","Formative practice is best specified as concrete strategies: clarifying criteria, eliciting evidence, giving feedback that moves learners forward, activating peers, and activating learners as owners of their learning.","Naming discrete strategies makes formative practice implementable and auditable rather than an attitude, which is where the umbrella term fails.","formative practice design | professional development | instructional auditing","classroom | school systems | adaptive software","A specific strategy chosen rather than the general label | Evidence-eliciting tasks with diagnostic value | A planned response to the evidence","Strategy-level evidence is stronger than umbrella-level evidence | Implementation depends on teacher questioning skill | Peer and self strategies need their own training","Adopting the vocabulary without changing practice | Eliciting evidence and not acting on it | Conflating this with more testing","Strategy-level implementation and response; measure=Observation of which strategies occur plus documented instructional response to elicited evidence; timing=Per lesson and per unit; caveat=Frequency of assessment is not formative practice","strong","moderate","A well-developed strategy specification grounded in the formative assessment literature; strategy-level evidence is stronger than the umbrella construct's.","mixed-direct-and-inferential","Broad; strategies vary in individual evidence strength.","","candidate-default-with-fit-check","Implement and cite at strategy level, which is also how a retrieval system should index it.","source:wiliam-assessment | source:formative-review | source:hattie-timperley-feedback","","framework | assessment | feedback | diagnostic","new"
"pedagogy:assessment-triangle","Assessment triangle: cognition, observation, interpretation","framework","established","psychometric","assessment-measurement","cross-lifespan","assess","program-system","Align a model of the target competence, tasks that elicit relevant observations, and an interpretation model linking observations to claims.","Explicit claim-evidence-task mappings limit overinterpretation and surface construct gaps or irrelevant barriers.","diagnostic assessment | performance task | test design","classroom | program evaluation | large-scale assessment","Explicit construct and intended use | Task specification and interpretation rules","Validation is ongoing | Evidence burden rises with stakes","Choosing a task format before defining the claim | Overinterpreting sparse evidence | Ignoring construct-irrelevant language or interface demands","Traceable claim-evidence-task alignment; measure=Mapping coverage, scoring agreement, empirical fit, and documented limitations; timing=Before deployment and during monitoring; caveat=A coherent design argument still requires empirical evidence","normative-standard","high","National Academies consensus design framework.","consensus-design","Applies to assessment design across domains; not a causal intervention estimate.","","candidate-default-with-fit-check","Use as a design and review contract for any consequential pedagogical claim.","source:assessment-nrc | source:testing-standards","","assessment | validity | design | provenance","inherited"
"pedagogy:assessment-validity-precision","Validity argument and score precision","constraint","established","psychometric","assessment-measurement","cross-lifespan","assess","program-system","Support the intended interpretation and use with relevant evidence, and report uncertainty appropriate to the decision.","Reliability and error analysis bound score precision; a validity argument links score meaning to the construct, population, purpose, and consequences.","scoring | diagnosis | certification","classroom assessment | high stakes | automated scoring","Specified construct, population, use, and decision rule | Representative tasks, raters, and respondents","A reliable score can still be invalid | Local precision near thresholds may differ from aggregate reliability","Treating a test as universally valid | Using one point score without uncertainty | Repurposing formative data for unsupported high-stakes decisions","Supported interpretation with quantified uncertainty; measure=Validity evidence, scoring consistency, standard error or interval, subgroup checks, and decision consistency; timing=Before use and throughout deployment; caveat=No single coefficient establishes validity","normative-standard","high","Professional testing standards and National Academies assessment consensus.","normative","All assessment uses; required evidence depends on purpose and stakes.","","candidate-default-with-fit-check","Require proportional evidence and uncertainty for any inference that changes learner treatment.","source:testing-standards | source:assessment-nrc","","assessment | validity | reliability | high-stakes","inherited"
"pedagogy:attention-and-media-multitasking","Divided attention and media multitasking","construct","consolidating","cognitive | neuroscience","general | digital-environments","middle | secondary | postsecondary | adult-workplace","self-regulate | climate","micro-move","Concurrent media use during learning degrades performance through switching costs, and heavy media multitaskers show poorer filtering of irrelevant information.","Attention is a bottleneck: switching incurs reconfiguration costs and divided encoding produces weaker, less integrated traces.","study environment design | device policy | lecture attention","study strategies | classroom | home learning | workplace learning","Awareness of the switching cost | Environment control the learner actually has","Much of the evidence is correlational or laboratory-based | Individual-difference claims are less settled than the switching-cost claim | Blanket device bans have accessibility costs","Blanket bans that remove assistive technology | Blaming learners for environments they cannot control | Overclaiming permanent cognitive damage from media use","Performance and time under single versus divided attention; measure=Comparable tasks with and without concurrent media plus completion time; timing=During study sessions; caveat=Learners consistently underestimate their own switching cost","context-dependent","moderate","Well-established switching-cost findings plus influential but debated evidence on heavy media multitaskers' filtering ability.","mixed-direct-and-inferential","Laboratory and self-report studies dominate.","","contextual-option","Teach and design for single-task study blocks; avoid device bans that remove access supports.","source:ophir-multitasking | source:kirschner-digital-native | source:cognitive-load","","construct | attention | digital | self-regulation","new"
"pedagogy:belonging-intervention","Social-belonging intervention","tactic","disputed","motivational-social | critical-equity","general","secondary | postsecondary","climate | motivate","micro-move","Brief exercises that normalize early difficulty as common and temporary can improve persistence and achievement for students facing belonging uncertainty, under specific conditions.","Reattributing early adversity from 'I do not belong' to 'this is normal and improves' interrupts a recursive process rather than teaching anything.","transition support | persistence of underrepresented students","higher education | school transitions","A context where belonging uncertainty is actually present | An environment that can support the reframed belief | Careful non-stigmatizing delivery","Effects are heterogeneous and context-dependent, with weaker results at scale | It cannot substitute for changing an unwelcoming environment | Poor delivery can be stigmatizing","Replacing structural change with a message | Implying the problem is the learner's mindset | Overclaiming from early small studies","Persistence and achievement in the targeted group; measure=Retention, GPA, and belonging measures for the target and comparison groups; timing=Over terms and years; caveat=Effects are moderated by whether the environment actually supports belonging","contested","moderate","Influential randomized experiments with long-term effects, followed by heterogeneous replications at scale showing context dependence.","direct-intervention","Demonstrated in specific transitions; not a general treatment.","","experimental-only","Deploy only with local evaluation and alongside environmental change; never as an alternative to it.","source:walton-cohen-belonging | source:cohen-values-affirmation | source:yeager-national-mindset","","tactic | belonging | equity | contested","new"
"pedagogy:blended-online-learning","Blended and online learning designs","method","established","instructional-design","digital-environments | general | professional-workplace","secondary | postsecondary | adult-workplace","sequence | collaborate | access","program-system","Medium alone does not determine outcomes; blended designs tend to outperform both pure online and pure classroom, and interaction design explains most of the variance.","Learning depends on the instructional method, interaction, and support that the medium carries, not on delivery mode itself.","course delivery design | programme scaling | remote instruction","higher education | workplace learning | adaptive software","Designed interaction with content, peers, and instructor | Reliable access and technical support | Self-regulation support for asynchronous work","Average effects are near zero with huge heterogeneity | Comparisons are confounded by learner selection and added time | Completion and equity outcomes often diverge from learning outcomes","Attributing gains to a platform rather than a design | Ignoring the access and self-regulation demands placed on learners | Reading low completion as low learner ability","Learning and completion by design feature; measure=Common assessment plus interaction-type and completion analytics disaggregated by subgroup; timing=Across the course; caveat=Selection effects dominate naive online-versus-classroom comparisons","context-dependent","moderate","Large meta-analyses show negligible medium effects overall, with blended advantage and interaction treatment as the reliable moderators.","direct-intervention","Broad but heterogeneous; strongest evidence at postsecondary level.","","contextual-option","Design for interaction and support; never claim a benefit from the delivery mode itself.","source:bernard-distance | source:postsecondary-tech-wwc | source:garrison-coi","","method | digital | access | design","new"
"pedagogy:blooms-revised-taxonomy","Revised Bloom's taxonomy of objectives","framework","established","instructional-design | psychometric","general | assessment-measurement","cross-lifespan","sequence | assess","unit-course","A two-dimensional classification of objectives by knowledge type and cognitive process, used to align objectives, instruction, and assessment.","Making the knowledge type and the intended cognitive process explicit exposes mismatches between what is taught and what is tested.","objective writing | assessment blueprinting | curriculum alignment","curriculum design | assessment design | instructional materials","Stated objectives | Assessment items to align against","It is a classification, not a learning theory or a difficulty ordering | The levels are not a required teaching sequence | Verb lists do not determine the cognitive process a learner actually uses","Treating 'higher-order' as always better regardless of prerequisites | Assuming a verb in the objective guarantees the process in the learner | Using it to justify skipping foundational knowledge","Objective-assessment alignment; measure=Blueprint mapping of items to knowledge type and process, checked by learner think-alouds; timing=At design and review time; caveat=The same item can be recall for one learner and analysis for another","normative-standard","moderate","A widely adopted classification convention for objectives and alignment; it is not an intervention with effect evidence.","consensus-design","Used across systems; interpretation varies widely.","","contextual-option","Use for alignment auditing; do not treat level as difficulty or as a required order.","source:krathwohl-taxonomy | source:assessment-nrc","","framework | assessment | curriculum | standard","new"
"pedagogy:brain-training-transfer","Commercial brain training for academic gains","anti-pattern","deprecated","cognitive | neuroscience","general | special-education | digital-environments","cross-lifespan","practice","program-system","Brain-training and working-memory-training programmes improve performance on trained and closely similar tasks but do not produce far transfer to academic achievement or everyday cognition.","Gains reflect task-specific strategy and familiarity rather than an increase in general capacity, so nothing carries to structurally different tasks.","intervention selection | product evaluation | claims review","school systems | clinical settings | consumer products","None; this is a screening criterion","Near transfer to similar tasks is real and is often marketed as if it were far transfer | Study quality drives apparent effects; active-control designs shrink them | Absence of far transfer does not mean the underlying construct is unimportant","Diverting intervention budget from instruction | Raising family expectations on marketing claims | Time displaced from academic learning","Far transfer with an active control; measure=Untrained structurally different outcome measures against an active control group; timing=Post-training and at delay; caveat=Improvement on the trained task is expected and proves nothing","refuted","high","Convergent meta-analyses and a comprehensive consensus review find no reliable far transfer to academic or everyday outcomes.","direct-intervention","Broad across ages and products.","","avoid","Do not purchase or recommend for academic outcomes; spend the time on the domain content instead.","source:melby-lervag-wm-training | source:simons-brain-training | source:sala-gobet-music","","anti-pattern | refuted | transfer | warning","new"
"pedagogy:checking-for-understanding","Systematic checking for understanding","tactic","established","instructional-design | psychometric","general","primary | middle | secondary | postsecondary | adult-workplace","diagnose | feedback | assess","micro-move","Frequent questions answered by every learner, used to decide the next instructional move, catch misunderstanding before it is practised.","Sampling every learner's current state converts teaching from broadcast into a control loop with an actual measurement.","lesson-level monitoring | misconception detection | pacing decisions","classroom | live online | tutoring | adaptive software","Questions whose wrong answers are diagnostic | A response channel for every learner | A planned action for each likely result","Only formative if it changes the next action | Hands-up sampling systematically misses those who need it | Question design determines the diagnostic value","Asking 'any questions?' and calling it a check | Collecting responses without acting on them | Public exposure of struggling learners","Detection rate and responsive action; measure=Proportion of learners sampled, error patterns detected, and documented change in the next move; timing=Every few minutes of instruction; caveat=A high correct rate may mean the question was too easy","strong","moderate","Convergent support from expert-teacher process research, practice-guide recommendations, and the formative assessment literature.","mixed-direct-and-inferential","Broad; the diagnostic quality of the questions is the limiting factor.","","candidate-default-with-fit-check","Default instructional control loop; require diagnostic distractors and a pre-planned response.","source:rosenshine-principles | source:wiliam-assessment | source:formative-review","","tactic | diagnostic | feedback | assessment","new"
"pedagogy:classroom-climate","Classroom and school climate","construct","consolidating","sociocultural | motivational-social","general","primary | middle | secondary","climate | access","program-system","Climate dimensions covering safety, relationships, teaching quality, and institutional environment are associated with achievement and wellbeing, with relational quality mattering most for at-risk learners.","A predictable, safe, and supportive environment allows attention and risk-taking; conflictual environments consume attention and drive avoidance.","school improvement | wellbeing | behaviour support","classroom | school systems","Multi-informant measurement | Stability over time to be meaningful","Largely correlational evidence with selection confounds | Composite climate scores obscure which dimension matters | Perceptions differ sharply across student groups","Averaging away the experience of marginalized groups | Treating climate surveys as an intervention | Attributing achievement solely to climate","Dimension-level climate with subgroup breakdown; measure=Validated multi-dimensional climate measures disaggregated by group, alongside achievement; timing=Annually or termly; caveat=A good average climate can coexist with a hostile experience for a subgroup","context-dependent","moderate","Systematic review of climate dimensions plus meta-analytic evidence that affective teacher-student relationships matter most for at-risk learners.","mixed-direct-and-inferential","Primary and secondary schooling; mostly correlational.","","contextual-option","Report climate by dimension and subgroup; treat it as a condition for learning, not a substitute for instruction.","source:wang-degol-climate | source:roorda-relationships","","construct | climate | equity | belonging","new"
"pedagogy:classroom-management","Classroom management strategies","method","established","behavioral | instructional-design","general | special-education","primary | middle | secondary","climate | sequence","unit-course","Proactive management focused on relationships, clear expectations, and structured routines has small-to-moderate positive effects on behaviour, motivation, and achievement.","Predictable structure and pre-corrected expectations reduce the frequency of disruption, preserving instructional time and attention.","reducing disruption | protecting instructional time | behaviour support","classroom | intervention","Explicitly taught expectations and routines | Consistency across adults | Functional understanding of the behaviour","Reactive punishment approaches perform worse than proactive ones | Exclusionary discipline has well-documented disparate impact | Strategy effects vary by outcome type","Compliance systems that penalize disability-related behaviour | Disparate application across groups | Managing behaviour while ignoring an inaccessible task","Instructional time and behaviour, checked for disparity; measure=Time-on-instruction, disruption rate, and discipline actions disaggregated by group; timing=Continuously; caveat=Falling incident counts can reflect under-reporting or exclusion","strong","moderate","Meta-analysis of classroom management programmes plus an evidence-rated practice guide, both showing small-to-moderate effects with relationship-focused and proactive strategies favoured.","direct-intervention","Primary and secondary classrooms.","","candidate-default-with-fit-check","Prefer proactive relational strategies; audit discipline outcomes for disparate impact as a standing requirement.","source:korpershoek-classroom-management | source:behavior-wwc | source:roorda-relationships","","method | climate | equity | behavior","new"
"pedagogy:cognitive-aging-and-learning","Cognitive aging and learning in later life","construct","established","developmental | cognitive","general | health | professional-workplace","older-adult | adult-workplace","access | sequence | practice","unit-course","Processing speed and fluid reasoning decline with age while knowledge-based ability is preserved or grows, so older adults learn well with pacing, support, and knowledge-linked material.","Age-related slowing and working-memory reduction raise the cost of novel unstructured material, while preserved crystallized knowledge provides scaffolding when material connects to it.","later-life learning | workforce retraining | health education","continuing education | workplace learning | clinical education","Pacing under the learner's control | Material linked to existing knowledge | Sensory and interface accessibility","Between-person variability increases with age; averages mislead badly | Cross-sectional estimates overstate decline | Engagement effects on cognition are not proven causal","Age-based assumptions about individual capability | Fast-paced unmodifiable interfaces | Selling cognitive-decline prevention claims","Learning under self-paced supported conditions; measure=Same content under learner-controlled versus fixed pacing plus knowledge-linked framing; timing=Across sessions; caveat=A fixed-pace result underestimates what the learner can do","strong","high","Extensive lifespan cognition research on differential trajectories of fluid and crystallized abilities, with reviews of enrichment effects noting weaker causal evidence.","mixed-direct-and-inferential","Broad in cognitive aging research; individual variability is very large.","","candidate-default-with-fit-check","Give pacing control and knowledge links; never infer an individual's capability from age.","source:salthouse-aging | source:hertzog-enrichment | source:hpl2","","construct | lifespan | adult | accessibility","new"
"pedagogy:cognitive-load-design","Cognitive-load-aware design","principle","consolidating","cognitive","general | digital-environments","cross-lifespan","explain | sequence","lesson","Reduce avoidable processing in complex novel tasks while preserving effort that serves the learning goal.","Limited working memory constrains the number of interacting unfamiliar elements that can be processed; prior schemas reduce effective demand.","novel procedure | complex explanation | multimedia learning","instructional materials | interfaces | demonstrations","Estimate prior knowledge and element interactivity | Identify which processing is necessary for the target","Do not equate all difficulty with harmful load | Triangulate load rather than infer it from errors alone","Oversimplifying away the learning goal | Treating disputed load subtypes or self-reports as direct mental measurements | Encoding capacity as a stable learner trait","Lower avoidable effort with equal or better delayed learning; measure=Errors, time, mental-effort rating, assistance, retention, and transfer; timing=During task and on delayed independent checks; caveat=Fluent performance can reflect shallow processing; a single effort rating is insufficient","context-dependent","moderate","The limited-working-memory premise and several design effects are well supported; mechanisms, measurement, and boundary conditions remain debated.","mixed-direct-and-inferential","Strongest for novices learning high-element-interactivity material.","","contextual-option","Use as a design lens tied to prior knowledge and outcomes, not as a universal difficulty minimizer.","source:cognitive-load | source:hpl2","","general | working-memory | design | novice","inherited"
"pedagogy:cognitive-load-theory","Cognitive load theory","theory","consolidating","cognitive","general","cross-lifespan","explain | sequence","lesson","Learning is limited by a narrow working memory operating on an effectively unlimited long-term store, so instruction should manage what working memory must hold.","Novel information is processed in a capacity-limited working memory; schemas retrieved from long-term memory act as single chunks, so building and retrieving schemas is what raises effective capacity.","novel concept learning | problem solving | instructional material design","instructional materials | interfaces | initial instruction","An identified novel element-interactivity load | Knowledge of learner prior schemas","Load categories are inferred, not directly observed | Element interactivity, not topic difficulty, drives intrinsic load | Measures of load and of learning must be collected separately","Using the theory to justify removing all challenge | Treating self-reported effort as a load measurement | Assuming a design that helps novices helps experts","Load-sensitive performance change; measure=Delayed post-test plus a secondary-task or subjective load measure; timing=During practice and after a delay; caveat=Low reported effort can mean disengagement rather than efficiency","context-dependent","moderate","A long-standing theory with many supported instructional effects, but core constructs remain hard to measure independently and some subclaims are contested.","mixed-direct-and-inferential","Strongest for novel, high element-interactivity material with novice learners.","","contextual-option","Use as a design lens for novel material; do not use its vocabulary as evidence that a given design worked.","source:sweller-1988 | source:cognitive-load | source:paas-vanmerrienboer-2020","","theory | working-memory | design","new"
"pedagogy:computational-thinking-transfer","Transfer from programming to other thinking skills","construct","consolidating","cognitive","computing | general","primary | middle | secondary | postsecondary","transfer","program-system","Programming instruction transfers moderately to near cognitive skills such as creative and mathematical thinking, and much less to distant ones such as general literacy.","Overlap in required representations and reasoning explains near transfer; distant skills share too little structure for transfer to occur.","curriculum justification | outcome claims for coding programmes","computing classroom | policy | programme evaluation","Pre-specified transfer distance and measures","Transfer decreases sharply with distance | Published claims frequently exceed the evidence | Study quality varies widely","Justifying coding curricula by general thinking gains | Measuring transfer with near-identical tasks | Displacing subjects on an unsupported transfer promise","Transfer by pre-specified distance; measure=Separate near and far measures specified before the study; timing=Post-programme and at delay; caveat=Undeclared transfer distance makes a result uninterpretable","context-dependent","moderate","Meta-analysis finds a moderate overall transfer effect that declines markedly with transfer distance.","direct-intervention","Programming interventions across school ages.","metric=g; value=0.49; note=Overall transfer estimate; substantially smaller for far transfer such as literacy.","do-not-generalize","Justify computing on its own merits; state transfer distance explicitly whenever transfer is claimed.","source:scherer-computational-thinking | source:transfer-taxonomy | source:cs-framework","","construct | computing | transfer | warning","new"
"pedagogy:computing-practices","Computational practices: decompose, abstract, test, refine, communicate","framework","consolidating","instructional-design | constructivist","computing","primary | middle | secondary","practice | transfer","program-system","Have learners recognize and decompose problems, develop abstractions and artifacts, test and refine them, and communicate design decisions and impacts.","Executable or inspectable artifacts make algorithms and representations testable; debugging supplies feedback for iterative model revision.","programming | data | systems | computational problem solving","K-12 computing | maker activity | introductory coding","Accessible tools | Examples and domain concepts | Explicit testing and debugging norms | Equitable participation structures","Assess reasoning and revision, not artifact completion alone | Include sociotechnical impacts and accessibility","Code production masking misconceptions | Nominal group work masking unequal participation | Treating a curricular framework as a causal intervention","Traceable computational reasoning and refinement; measure=Decomposition, abstraction, test cases, bug localization, revision, explanation, participation, and impact analysis; timing=Across artifact iterations and on a new problem; caveat=A working artifact can be copied or produced without conceptual understanding","context-dependent","moderate","Authoritative multi-organization curricular framework; intervention effectiveness depends on pedagogy and implementation.","consensus-design","K-12 computer science; adapt evidence for adult computing contexts.","","contextual-option","Use the practices to elicit inspectable reasoning, with examples, debugging feedback, accessibility, and individual evidence.","source:cs-framework | source:worked-examples-meta","","computing | debugging | artifact | collaboration","inherited"
"pedagogy:concept-mapping","Concept mapping and graphic organizers","tactic","established","cognitive | constructivist","general | science","primary | middle | secondary | postsecondary","consolidate | explain","micro-move","Constructing or studying node-link maps of relationships modestly improves learning relative to reading, but is weaker than retrieval practice for retention.","Explicit relational structure supports organization and retrieval cues; making relations visible exposes missing links.","relational understanding | review | knowledge organization","study strategies | classroom | note-taking","Content with genuine relational structure | Some training in map conventions","Effect is modest and depends on map quality | Map-making time competes with retrieval practice | A tidy map can be copied without understanding","Substituting map aesthetics for reasoning | Choosing mapping over retrieval when retention is the goal | Assuming the map represents the learner's actual model","Relational accuracy and later performance; measure=Map scoring against an expert structure plus delayed comprehension or transfer items; timing=After construction and at delay; caveat=Map completeness overstates understanding","context-dependent","moderate","Meta-analysis shows small-to-moderate advantages over reading or lecture; a direct comparison found retrieval practice superior for retention.","direct-intervention","Broad across ages and subjects for relational content.","metric=d; value=0.35; note=Versus reading or attending lectures; smaller versus other constructive activities.","contextual-option","Good for making structure explicit; do not use it in place of retrieval practice for retention goals.","source:nesbit-concept-mapping | source:karpicke-blunt","","tactic | representation | knowledge | consolidation","new"
"pedagogy:conceptual-change","Conceptual change and misconception refinement","theory","consolidating","constructivist | cognitive","science | mathematics | general","primary | middle | secondary | postsecondary","diagnose | explain | transfer","unit-course","Learners arrive with existing explanatory ideas that are productive resources as often as obstacles, and instruction must engage them rather than overwrite them.","New conceptions are adopted when learners find the existing one inadequate and the new one intelligible, plausible, and fruitful; fine-grained intuitive resources are reorganized rather than deleted.","science concept learning | misconception diagnosis | explanation building","classroom | tutoring | adaptive software | diagnostic assessment","Elicitation of the learner's current explanation | A discrepant case or evidence the current idea cannot handle | Time for reorganization","Persistent conceptions rarely change in one lesson | Correct answers can coexist with the old model | Treating intuitions as pure error discards usable resources","Publicly labelling a learner's idea as wrong | Assuming a single refutation lesson settles it | Confusing terminology adoption with model change","Explanation change under new cases; measure=Pre/post explanation coding, discrepant-case prediction, and transfer to unfamiliar contexts; timing=Across a unit and after a delay; caveat=Learners often revert on unfamiliar surface contexts","context-dependent","moderate","A large theoretical and empirical literature with competing accounts of what changes; instructional payoff depends on elicitation and follow-through.","mixed-direct-and-inferential","Best evidenced in physical science and mathematics topics with well-documented conceptions.","","contextual-option","Elicit before correcting, treat intuitions as resources, and measure explanation change rather than answer change.","source:posner-conceptual-change | source:vosniadou-conceptual-change | source:smith-misconceptions | source:science-framework","","theory | science | misconception | diagnostic","new"
"pedagogy:conceptual-procedural-iteration","Iterative development of conceptual and procedural knowledge","principle","established","cognitive | developmental","mathematics | science","primary | middle | secondary","sequence | explain | practice","unit-course","Conceptual understanding and procedural skill develop iteratively and reinforce each other; neither reliably comes first.","Gains in concepts improve procedure selection and adaptation, while practising procedures creates material for conceptual reflection.","arithmetic and algebra learning | curriculum sequencing | diagnosis of shallow procedures","classroom | adaptive software | intervention","Separate measurement of conceptual and procedural knowledge","Neither ordering is universally correct | Procedural fluency without concepts produces brittle, unadaptable performance | Measures of the two are hard to fully separate","Concepts-first or procedures-first dogma | Reading fluent procedures as understanding | Teaching procedures with no conceptual anchoring","Both knowledge types tracked over time; measure=Separate conceptual and procedural measures administered repeatedly; timing=Across a unit and beyond; caveat=Correct answers can come from unadapted memorized procedures","strong","high","Longitudinal and experimental studies establishing bidirectional relations, consistent with national mathematics-learning syntheses.","direct-intervention","Best evidenced in arithmetic, fractions, and equation solving.","","candidate-default-with-fit-check","Interleave concept and procedure work and measure both; do not sequence on ideology.","source:rittle-johnson-iterative | source:adding-it-up | source:math-intervention-wwc","","principle | mathematics | sequence | diagnostic","new"
"pedagogy:concrete-abstract-linking","Concrete-to-abstract representation linking","tactic","consolidating","cognitive | developmental","mathematics | science","preschool | primary | middle | secondary","explain | transfer","lesson","Explicitly connect concrete, visual, verbal, and symbolic representations of the same concept and explain what each preserves or hides.","Mapping across forms can ground abstract relations and later make structure available without dependence on one surface form.","mathematics | science models | concept formation","classroom | interactive artifact","Representations that encode the same target relation | Explicit comparison or mapping","Limit simultaneous representations | Fade perceptual detail when it distracts from structure","Treating manipulatives as self-explanatory | Switching among unrelated models | Learners attend to surface features","Bidirectional mapping and structure preservation; measure=Explain correspondence, translate among forms, and solve a new-form task; timing=During comparison and after representation change; caveat=Correct manipulation without symbolic or conceptual mapping is insufficient","context-dependent","moderate","Institutional practice guides rate connected concrete-abstract representations positively, while design and learner knowledge moderate outcomes.","direct-intervention","Best established in mathematics and structured concepts.","","contextual-option","Retrieve only with an explicit mapping task and a plan to test transfer across forms.","source:ies-study | source:math-intervention-wwc","","representation | mathematics | concept | transfer","inherited"
"pedagogy:contextual-interference","Contextual interference in motor skill practice","principle","established","cognitive | behavioral","physical-motor | music | health | professional-workplace","cross-lifespan","practice | consolidate | transfer","lesson","Random practice ordering depresses performance during acquisition but produces better retention and transfer than blocked practice.","Switching between tasks forces reconstruction of the movement plan on each trial rather than reusing the one already in working memory.","motor skill acquisition | clinical procedure training | instrument practice","training | clinical simulation | sports practice | music practice","Multiple related skills to interleave | Enough initial competence to attempt each","It reliably worsens acquisition-phase performance | Effects are smaller for very novice learners and complex skills | Requires delayed retention measurement to detect the benefit","Abandoning it because practice looks worse | Applying it before any skill is minimally established | Judging training by session performance","Acquisition versus retention divergence; measure=Practice-phase performance compared against delayed retention and transfer tests; timing=During practice and after days; caveat=The better practice condition looks worse during practice","strong","high","A classic and widely replicated motor-learning effect, and one of the clearest demonstrations of the learning-performance distinction.","direct-intervention","Motor domains broadly; smaller with very complex skills or complete novices.","","candidate-default-with-fit-check","Use once minimal competence exists, and evaluate only on delayed retention.","source:shea-morgan-contextual | source:soderstrom-bjork | source:interleaving-meta","","principle | physical-motor | practice | retention","new"
"pedagogy:contingent-scaffolding","Contingent scaffolding with fading","tactic","consolidating","sociocultural | cognitive","general","cross-lifespan","explain | practice","lesson","Provide support contingent on current evidence, reduce it as competence grows, and transfer responsibility to the learner.","Temporary prompts, models, representations, or task simplifications keep the target operation possible while preserving a path to independent performance.","novel complex task | strategy acquisition | guided practice","one-to-one | small group | adaptive software","A diagnosis of the current bottleneck | A support hierarchy and an independent target performance","Support must be contingent, faded, and responsibility-transferring | Check unassisted performance","Permanent prompting and learned dependence | Giving answers while preserving only superficial activity","Declining assistance with stable or improving performance; measure=Hint level, independent completion, explanation, and transfer task; timing=Across attempts and after support removal; caveat=Success while a scaffold is visible is not evidence of independent learning","context-dependent","moderate","Systematic review identifies contingency, fading, and transfer of responsibility as defining features; enactment quality varies.","mixed-direct-and-inferential","Broad across instruction, but the scaffold must fit the domain and current evidence.","","contextual-option","Useful when an observed bottleneck can be supported without replacing the target cognitive work.","source:scaffolding-review | source:hpl2","","general | support | adaptive | independence","inherited"
"pedagogy:contrasting-cases-invention","Contrasting cases and invention before instruction","tactic","consolidating","constructivist | cognitive","mathematics | science | general","middle | secondary | postsecondary","transfer | practice | explain","lesson","Having learners invent an account of carefully contrasted cases before being told the canonical solution prepares them to learn from the subsequent explanation.","Attempting invention differentiates the features that matter, so the later explanation lands on a prepared discrimination rather than on undifferentiated novelty.","quantitative concept introduction | deep-feature discrimination | transfer preparation","classroom | tutoring | instructional materials","Case sets engineered to contrast on the target feature | A guaranteed consolidation phase afterwards | Tolerance for initial failure","The invention phase must be followed by explicit instruction | Effects appear on transfer measures more than on routine ones | Requires careful case engineering; arbitrary examples do not work","Omitting the consolidation and leaving inventions unresolved | Judging the phase by the quality of the invention | Using it with learners lacking the needed prerequisites","Preparation for future learning; measure=Transfer and learning-from-resource measures, not just routine post-tests; timing=After consolidation and at delay; caveat=Routine post-tests often show no advantage even when transfer does","context-dependent","moderate","Controlled studies plus the productive-failure meta-analysis support a generate-then-consolidate sequence for conceptual and transfer outcomes.","direct-intervention","Mathematics and science concepts with engineered contrasting cases.","","contextual-option","Use where transfer is the goal and consolidation is guaranteed; the contrasting-case design is the active ingredient.","source:schwartz-martin-invention | source:productive-failure-meta","","tactic | transfer | generation | comparison","new"
"pedagogy:cooperative-structures","Structured cooperative learning designs","method","established","sociocultural | motivational-social","general | science | mathematics","primary | middle | secondary | postsecondary","collaborate | practice | climate","lesson","Cooperative designs that build positive interdependence and individual accountability outperform competitive and individualistic structures on achievement and relationships.","Interdependence makes each member's contribution necessary while individual accountability prevents free-riding, so explanation and coordination actually occur.","group problem solving | concept discussion | project division","classroom | small group | laboratory","A task that genuinely needs multiple contributors | Individual accountability mechanism | Explicit cooperative skills instruction","Group work without interdependence and accountability is not cooperative learning | Status and language differences shape who participates | Group products conceal individual understanding","Free-riding and status-based exclusion | Grading the group and inferring individual mastery | Assuming collaboration suits every task","Equitable participation with individual learning; measure=Individual post-tests plus participation and talk-time distribution; timing=During and after the unit; caveat=A polished group product can hide non-participation","strong","high","Large meta-analytic literature across ages showing cooperative structures outperform competitive and individualistic ones when the defining conditions are present.","direct-intervention","Robust across ages and subjects when interdependence and accountability are implemented.","metric=d; value=0.5; note=Adolescent achievement estimates around 0.46; STEM small-group estimates around 0.5.","candidate-default-with-fit-check","Use when the task needs multiple contributors; enforce interdependence, accountability, and individual assessment.","source:johnson-cooperative | source:roseth-cooperative | source:springer-small-group | source:collaboration-meta","","method | collaboration | equity | accountability","new"
"pedagogy:curriculum-based-measurement","Curriculum-based measurement and progress monitoring","measure","established","psychometric | behavioral","assessment-measurement | literacy | mathematics | special-education","primary | middle | secondary","assess | diagnose | sequence","program-system","Brief, standardized, repeatable probes of curriculum-relevant performance provide a sensitive growth signal that supports instructional decisions.","Short equivalent-form probes administered frequently produce a growth slope, which is more decision-useful than isolated test scores.","intervention monitoring | instructional decisions | eligibility decisions","intervention | classroom | special education","Equivalent alternate forms | Frequent administration | Decision rules tied to the slope","Individual slope estimates need many data points to be stable | Probes index general outcome, not the specific skill taught | Decision rules are often applied with too few points","Changing instruction on noise | Teaching to the probe format | Using slope for high-stakes classification without adequate data","Growth slope with adequate data density; measure=Repeated equivalent probes with slope confidence, plus separate mastery measures; timing=Weekly or biweekly; caveat=Short data series produce unstable and misleading slopes","context-dependent","moderate","A long-established measurement approach with substantial technical-adequacy research; the sources cited here are foundational and standards documents rather than an effect synthesis.","mixed-direct-and-inferential","Primary and middle grades, especially reading and mathematics.","","candidate-default-with-fit-check","Use for growth decisions with enough data points to make a slope meaningful; keep it separate from mastery measurement.","source:deno-cbm | source:fuchs-rti | source:testing-standards","","measure | assessment | intervention | measurement","new"
"pedagogy:deeper-learning-competencies","Deeper learning and transferable competencies","framework","consolidating","cognitive | instructional-design","general","middle | secondary | postsecondary | adult-workplace","transfer | sequence","program-system","Valued competencies cluster into cognitive, intrapersonal, and interpersonal domains, and they develop through deep domain learning rather than as free-standing generic skills.","Transferable competence emerges when domain knowledge is learned with explicit attention to conditions of use, not from decontextualized skills training.","competency framework design | graduate outcome definition | transfer planning","curriculum design | program evaluation | workplace learning","A domain in which the competency is actually exercised | Assessment of the competency in use","Generic-skill instruction detached from content transfers poorly | Competency labels are not measurement | Interpersonal and intrapersonal constructs are harder to assess validly","Selling generic 'critical thinking' courses as transfer | Assessing competencies by self-report only | Displacing domain knowledge that transfer depends on","Competency demonstrated in a new domain task; measure=Performance assessment in an untaught context with rubric agreement checks; timing=End of unit and after a delay; caveat=Rubric scores can drift toward writing quality","context-dependent","moderate","A national consensus synthesis; supports domain-embedded development of competencies while cautioning that generic-skill transfer evidence is weak.","consensus-design","Framework-level guidance; specific programs need their own evidence.","","contextual-option","Adopt the domain-embedded stance and the three-domain vocabulary; require in-use assessment before claiming a competency.","source:education-life-work | source:transfer-taxonomy","","framework | transfer | competency | curriculum","new"
"pedagogy:delayed-transfer-assessment","Delayed, varied, and transfer-oriented assessment","tactic","established","psychometric | cognitive","assessment-measurement | general","cross-lifespan","assess | transfer","unit-course","Assess after delay, with changed surface features or context, and report near, far, cued, and uncued outcomes separately.","Delay reveals forgetting; variation tests whether knowledge is accessible beyond the practiced representation; uncued tasks test spontaneous recognition.","retention | generalization | workplace transfer","classroom | training | evaluation","Pre-specified retention horizon and transfer distance | Construct-aligned tasks | Comparable access conditions","Do not collapse near and far transfer | Report assistance and cueing | Use multiple observations for consequential claims","Equating immediate performance with learning | Claiming far transfer from isomorphic items | Ignoring maintenance and context support","Durable independent use; measure=Delayed retention, near/far task, representation change, uncued application, and maintenance; timing=At meaningful delayed intervals and in a new context; caveat=Transfer distance is multidimensional and must be described, not merely labeled","context-dependent","high","Learning and transfer syntheses establish delay, cueing, similarity, and context as material dimensions of the outcome.","mixed-direct-and-inferential","Across domains; valid task design remains domain-specific.","","candidate-default-with-fit-check","Use as the default verification complement to immediate performance when retention or transfer is claimed.","source:transfer-taxonomy | source:spacing-meta | source:assessment-nrc","","assessment | retention | transfer | measurement","inherited"
"pedagogy:deliberate-practice-bounds","Deliberate practice with bounded claims","tactic","disputed","cognitive | behavioral","music | physical-motor | professional-workplace","middle | secondary | postsecondary | adult-workplace","practice | feedback","program-system","Use specific stretch goals, focused repetitions, informative feedback, and error correction for stable decomposable skills—without claiming practice alone explains expertise.","Repeated attention to a well-defined weakness plus valid feedback supports error reduction and refinement.","stable decomposable skill | performance refinement","coaching | professional training | music | sport | technical skill","Valid performance standard | Reliable feedback or coaching | Manageable subskill | Recovery and motivation plan","Distinguish focused practice from rote repetition | Report access and opportunity differences","Burnout | Inequitable access to coaching | Overclaiming practice as the dominant cause of expertise | Narrow optimization harming transfer","Targeted objective performance improvement; measure=Error reduction, criterion performance, retention, transfer, and assistance needed over sessions; timing=Across spaced sessions and delayed check; caveat=Hours practiced are not equivalent to deliberate practice quality","contested","moderate","Meta-analysis supports practice as one contributor with sharply varying explained variance across domains, not a dominant universal account.","mixed-direct-and-inferential","Most plausible in stable domains with objective standards and coaching.","","do-not-generalize","Use the tactic where feedback and decomposition are valid; do not convert it into an expertise or merit narrative.","source:deliberate-practice-meta | source:feedback-meta","","adult | practice | expertise | contested","inherited"
"pedagogy:deliberate-practice-theory","Deliberate practice theory of expertise","theory","disputed","cognitive | behavioral","music | physical-motor | professional-workplace | general","primary | middle | secondary | postsecondary | adult-workplace","practice | feedback","program-system","Expert performance is claimed to arise from extended, effortful, feedback-rich practice designed to improve specific weaknesses rather than from experience alone.","Practice aimed at a specific deficiency, with immediate feedback and repetition, refines representations that ordinary experience leaves unchanged.","skill development | expertise programmes | coaching design","music practice | sports coaching | professional education","A coach or standard defining the specific deficiency | Immediate informative feedback | Sustained effortful repetition","Accumulated practice explains a minority of performance variance across domains | The strict definition is rarely met by what is labelled deliberate practice | Domains with stable structure fit far better than ill-structured ones","Attributing failure to insufficient practice hours | Meritocratic misuse to dismiss access and opportunity | Labelling ordinary repetition as deliberate practice","Practice quality against the definition; measure=Records of targeted deficiency, feedback received, and performance change, not hours logged; timing=Across a training programme; caveat=Hours accumulated is the weakest possible measure","contested","high","The original framework is influential, but meta-analysis shows accumulated deliberate practice accounts for a modest share of performance variance and varies sharply by domain.","mixed-direct-and-inferential","Best fit in music, chess, and sports; weak in ill-structured professions.","metric=R-squared; note=Roughly 20-25% of variance in music and games, far less in education and professions.","do-not-generalize","Use its design features (specific target, feedback, repetition) and reject the hours-explain-expertise claim.","source:ericsson-deliberate-practice | source:deliberate-practice-meta","","theory | expertise | practice | contested","new"
"pedagogy:desirable-difficulties","Desirable difficulties","principle","established","cognitive","general","primary | middle | secondary | postsecondary | adult-workplace","practice | consolidate | transfer","lesson","Certain conditions that make practice feel harder and slow immediate performance produce better long-term retention and transfer.","Effortful retrieval, varied contexts, and spacing induce reconstruction and richer encoding rather than fluent re-reading of already-available information.","retention | skill maintenance | transfer preparation","practice systems | curriculum scheduling | study strategies","Enough prior knowledge for the difficulty to be surmountable | Feedback and time to recover from errors","Difficulty is only desirable if the learner can still succeed with effort | It reliably depresses in-session performance | Undesirable difficulties (unclear wording, poor access) look identical from the outside","Justifying confusing instruction as productive difficulty | Applying it to struggling learners without support | Judging the design by practice-session performance","Divergence of practice and retention curves; measure=Practice accuracy versus delayed and transfer performance; timing=Practice session plus delayed test; caveat=A design that looks worse during practice may be better; the reverse also happens","strong","high","Convergent evidence across spacing, interleaving, retrieval, and variation studies, plus explicit reviews of the learning-versus-performance distinction.","direct-intervention","Robust for retention outcomes; the specific difficulty must match the learner's competence.","metric=varies by manipulation; note=See spacing, interleaving, and retrieval entries for their own estimates.","candidate-default-with-fit-check","Design for delayed performance, and never read in-session fluency as evidence of learning.","source:bjork-self-regulated | source:soderstrom-bjork | source:dunlosky-techniques","","principle | retention | practice | transfer","new"
"pedagogy:developmental-context-calibration","Developmental and cultural calibration without fixed stages","constraint","established","developmental | critical-equity","general","cross-lifespan","diagnose | access","program-system","Adapt challenge, pacing, language, and support using repeated task evidence within the learner's developmental, cultural, and historical context—not a rigid age-stage gate.","Development and learning interact across biological, cognitive, social, and cultural systems; broadly patterned trajectories still vary substantially.","all learning tasks","all learning environments","Repeated observations | Context and access information | Task-relevant prior-knowledge evidence","Keep hypotheses revisable and task-scoped | Separate chronological age from demonstrated readiness","Fixed developmental-stage routing | Brain-based determinism | Stereotyping groups | Inferring stable traits from one session","Improved fit under adjusted support; measure=Response to hints, pace, strategy, explanation, affect, and transfer across repeated episodes; timing=Across episodes and contexts; caveat=Observed group averages do not license individual capability claims","strong","high","National Academies consensus treats development, culture, context, and individual variability as central to learning.","consensus-design","Cross-lifespan principle; specific adaptations require local evidence.","","candidate-default-with-fit-check","Make age and development contextual priors at most; route on current task evidence and revise.","source:hpl2 | source:adolescent-nasem","","development | culture | lifespan | anti-stereotyping","inherited"
"pedagogy:dialogic-shared-reading","Dialogic shared book reading","tactic","established","developmental | sociocultural","literacy | multilingual","infancy-toddler | preschool","practice | feedback | explain","micro-move","Shifting shared reading so the child becomes the storyteller through prompts, evaluation, expansion, and repetition improves expressive oral language in young children.","Prompted production plus adult expansion gives the child repeated opportunities to use and extend language rather than only to listen.","oral language development | vocabulary growth | early literacy","home partnership | preschool | childcare | one-to-one","Adult trained in the prompting sequence | Books at an appropriate level | Repeated sessions","Effects are largest for younger children and for expressive language | Benefits diminish for older preschoolers and for receptive vocabulary | Adult training quality drives the effect","Turning shared reading into interrogation | Assuming effects extend to later reading comprehension | Reducing quality to number of words spoken","Child talk and expressive language growth; measure=Child utterance length and turns during reading plus standardized expressive language measures; timing=Across weeks of sessions; caveat=Adult talk volume is not the outcome","strong","high","Original randomized studies plus meta-analysis showing consistent expressive-language effects, moderated by child age.","direct-intervention","Strongest for children under about four; smaller for older preschoolers.","metric=d; value=0.4; note=Expressive language effects; smaller for receptive vocabulary and older children.","candidate-default-with-fit-check","High-value, low-cost move for early oral language when the adult is trained in the prompting sequence.","source:whitehurst-dialogic | source:mol-dialogic-meta | source:early-childhood-wwc","","tactic | early-childhood | language | literacy","new"
"pedagogy:differentiated-instruction","Differentiated instruction (within-class)","method","consolidating","instructional-design | critical-equity","general | mathematics | literacy","primary | middle | secondary","diagnose | sequence | access","lesson","Adapting task, pace, or support to assessed within-class differences shows small positive effects, with data-driven and homogeneous-subgroup forms best evidenced.","Matching task demand to assessed current performance keeps more learners in a productive range than a single whole-class task.","mixed-attainment classes | targeted practice | within-class grouping","classroom | small group | adaptive software","Current assessment data at task grain | Genuinely different tasks, not just more or fewer items | Teacher time and materials","Evidence base is thin and definitions vary enormously | Differentiation by fixed learner label is not supported | Curriculum entitlement must not be reduced for lower groups","Permanently lowering expectations for a subgroup | Differentiating by supposed learning style or ability label | Unsustainable teacher workload leading to token differentiation","Growth across all attainment bands; measure=Band-disaggregated growth on common outcomes plus curriculum-coverage audit; timing=Across a term; caveat=Overall gains can hide losses for the lowest band","context-dependent","low","Meta-analytic review finds small positive effects for specific data-driven forms, with weak and inconsistent evidence for differentiation as a general practice.","direct-intervention","Primary and lower-secondary; heavily dependent on how differentiation is operationalized.","","contextual-option","Differentiate on current task evidence with equal curriculum entitlement; never on a stable learner label.","source:deunk-differentiation | source:steenbergen-grouping","","method | adaptive | equity | diagnostic","new"
"pedagogy:digital-natives-myth","Digital natives and effective multitasking","anti-pattern","deprecated","cognitive","digital-environments | general | teacher-development","middle | secondary | postsecondary | adult-workplace","diagnose | explain","program-system","There is no generation with innate digital competence, and no evidence that anyone multitasks without cost; both beliefs lead to withdrawn instruction.","Familiarity with devices is mistaken for information and learning competence; switching costs apply to everyone regardless of age.","digital literacy planning | device policy | technology instruction","classroom | higher education | workplace learning","None; this is a screening criterion","Device familiarity is real and is not the same as information competence | The critique does not argue against technology use, only against assumed competence","Skipping digital and information literacy instruction | Designing on the assumption learners can self-teach the tools | Permitting divided attention on the multitasking myth","Measured digital and information competence; measure=Direct assessment of search, evaluation, and tool competence rather than assumption; timing=Before designing on it; caveat=Confidence with devices does not indicate evaluation skill","refuted","high","Review of the evidence finds no support for either the digital native or the effective-multitasker claim.","mixed-direct-and-inferential","Documented across school and higher education populations.","","avoid","Teach digital and information competence explicitly; never assume it from age.","source:kirschner-digital-native | source:ophir-multitasking | source:kirschner-urban-legends","","anti-pattern | refuted | digital | warning","new"
"pedagogy:disciplinary-literacy","Disciplinary literacy","framework","consolidating","sociocultural | cognitive","literacy | history-social-studies | science | mathematics","middle | secondary | postsecondary","explain | transfer","unit-course","Beyond general comprehension strategies, each discipline has distinct ways of reading, evaluating, and writing that must be taught explicitly at higher levels.","Historians source and corroborate, scientists interrogate method and data, mathematicians read for precision; these are discipline-specific practices, not general strategies.","content-area reading | source evaluation | disciplinary writing","secondary classroom | higher education","Teacher disciplinary expertise | Authentic disciplinary texts | Adequate general reading competence","It supplements rather than replaces foundational literacy | Teacher disciplinary knowledge is the limiting factor | Evidence base is stronger for history than for other disciplines","Applying it before basic comprehension is in place | Generic strategies rebranded as disciplinary | Assuming subject teachers can teach it without support","Discipline-specific reading moves; measure=Think-aloud or annotation analysis on authentic disciplinary texts; timing=Across a unit; caveat=General strategy use is not disciplinary practice","context-dependent","moderate","A well-argued framework with supporting studies, particularly in history; causal evidence across disciplines is uneven.","mixed-direct-and-inferential","Secondary and higher education; history is best evidenced.","","contextual-option","Layer onto adequate general literacy in subjects where the disciplinary practices are well characterized.","source:shanahan-disciplinary | source:wineburg-historical | source:reisman-document-based","","framework | literacy | history | transfer","new"
"pedagogy:dual-coding","Dual coding theory","theory","established","cognitive","general","cross-lifespan","explain | consolidate","micro-move","Verbal and imaginal representations are distinct but connected systems, and information encoded in both is more retrievable than information encoded in one.","Referential connections between a verbal code and an image code create additional retrieval routes and support mental modelling.","concept explanation | vocabulary learning | diagram use","instructional materials | note-taking | study strategies","Content that is genuinely depictable | A diagram that maps to the verbal claim","It is about representation codes, not about learner 'visual' or 'verbal' types | Arbitrary or decorative images add nothing | Redundant on-screen text plus narration can hurt","Being used to justify learning-styles matching | Adding pictures that carry no structural information | Assuming any dual presentation is better","Recall and mental-model quality; measure=Cued recall, diagram completion, and explanation of the depicted relation; timing=After a delay; caveat=Picture recognition can outrun understanding","context-dependent","moderate","Well-established memory theory whose instructional payoff depends on whether the image encodes the target structure.","mixed-direct-and-inferential","Broad for depictable content; not a general rule for all material.","","contextual-option","Pair words with a structurally meaningful representation; never convert it into a learner-type policy.","source:clark-paivio | source:mayer-multimedia-2017","","theory | representation | memory","new"
"pedagogy:early-intentional-practice","Intentional and engaging early-childhood practice","principle","established","developmental | instructional-design","general","preschool","practice | sequence","program-system","Embed explicit goals for social-emotional, language, literacy, mathematics, and executive-function skills in engaging routines, games, conversation, and shared activity.","Repeated, responsive, developmentally suitable practice builds specific skills while observation lets adults adjust challenge and language.","language development | early literacy | early mathematics | social-emotional practice","preschool | childcare | home partnership","A specific target skill | Developmentally suitable materials | Responsive adult interaction","Integrate with play and relationships | Interpret progressions flexibly","Worksheet-heavy schoolification | Assuming far transfer from generic executive-function games | Deficit labeling","Target skill in authentic activity; measure=Language use, social interaction, math reasoning, letter-sound knowledge, and strategy change; timing=Repeated observations across routines; caveat=A category-level guide does not validate every branded program","strong","high","WWC practice guide rates several specific early language, literacy, mathematics, and social-emotional recommendations strong; others moderate.","direct-intervention","Pre-K and school-readiness contexts; evidence strength varies by specific practice.","","candidate-default-with-fit-check","Use specific evidence-rated practices while protecting play, relationship, and developmental fit.","source:early-childhood-wwc","","early-childhood | development | language | mathematics","inherited"
"pedagogy:early-math-progression","Early mathematics through flexible developmental progressions","framework","consolidating","developmental","mathematics","preschool | primary","sequence | diagnose","unit-course","Sequence tasks from informal quantity knowledge toward counting, cardinality, operations, geometry, patterns, measurement, and data while building on observation.","A progression connects new mathematical language and representations to current strategies and increasingly general relations.","number | operations | shape | pattern | measurement","preschool | kindergarten | playful routine","Diagnostic observation | Mathematically meaningful conversation | Developmentally suitable tasks and representations","Progressions are models, not rigid age stages | Integrate mathematics throughout the day without replacing play","Acceleration without conceptual grounding | Age-based gating | Counting routines without cardinal meaning","Strategy progression and mathematical language; measure=Quantity comparison, counting/cardinality, decomposition, operations, explanation, and transfer to a new representation; timing=Across repeated authentic tasks; caveat=Chronological age does not determine a single pathway","context-dependent","high","IES/WWC rates number-and-operations progression moderate; other areas and progress monitoring have more limited direct evidence.","direct-intervention","Preschool through kindergarten; evidence strength differs by strand.","","contextual-option","Use progressions as revisable task maps informed by current strategies, not fixed learner stages.","source:early-math-wwc | source:early-childhood-wwc","","mathematics | early-childhood | progression | development","inherited"
"pedagogy:early-number-magnitude","Number magnitude and the mental number line","principle","established","cognitive | developmental","mathematics","preschool | primary | middle","diagnose | practice | explain","lesson","Accuracy of numerical magnitude representation predicts and causally supports arithmetic learning, and linear board games improve it in young children.","A linear rather than compressed representation of magnitude supports estimation, comparison, and the encoding of arithmetic problems and their answers.","early number sense | arithmetic readiness | fraction magnitude","preschool | classroom | intervention | home partnership","Counting and number identification | A linear representation in the materials","Linear formats matter: circular board games do not produce the same effect | Estimation practice must connect to symbolic number | Effects on later fractions require separate evidence","Assuming any number game helps | Treating estimation as a substitute for arithmetic instruction | Using magnitude tasks as a general ability label","Magnitude estimation accuracy and arithmetic gain; measure=Number line estimation error plus arithmetic learning measures; timing=Before and after intervention; caveat=Improvement on the trained format may not extend to unfamiliar ranges","strong","high","Randomized experiments with linear board games plus evidence that magnitude representation predicts arithmetic learning, endorsed in national early-mathematics syntheses.","direct-intervention","Early number in several countries; strongest for young and low-income children.","","candidate-default-with-fit-check","Use linear magnitude activities early and diagnose magnitude representation before attributing arithmetic failure to fact recall.","source:siegler-ramani-games | source:booth-siegler | source:early-math-nrc | source:early-math-wwc","","principle | mathematics | early-childhood | diagnostic","new"
"pedagogy:early-science-engineering","Science and engineering in preschool and elementary grades","framework","consolidating","developmental | constructivist","science | engineering-design","preschool | primary","explain | practice | collaborate","unit-course","Young children can engage in meaningful science and engineering practices, and early instruction supports both science learning and language and mathematics development.","Investigating phenomena provides motivated occasions for language, measurement, argument, and representation alongside science content.","early science instruction | integrated language and science | engineering design tasks","preschool | primary classroom","Phenomena children can investigate directly | Teacher science knowledge and confidence | Sustained time in the schedule","Elementary science time is heavily squeezed by literacy and mathematics | Teacher preparation is a major limiting factor | Consensus guidance is not an intervention effect estimate","Activity without conceptual progression | Assuming integration replaces dedicated science time | Underestimating young children's reasoning","Science practice and concept development; measure=Investigation artifacts, explanation quality, and concept measures; timing=Across units; caveat=Enjoyable activities can carry no conceptual progression","context-dependent","moderate","National consensus report synthesizing evidence that young children can and should engage in science and engineering practices.","consensus-design","Preschool and elementary; consensus-level guidance.","","contextual-option","Protect dedicated science time with conceptual progression; treat the framework as design guidance, not effect evidence.","source:preschool-science-nasem | source:science-framework | source:early-childhood-wwc","","framework | science | early-childhood | inquiry","new"
"pedagogy:early-vocabulary-instruction","Explicit early vocabulary instruction","tactic","established","cognitive | sociocultural","literacy | multilingual","preschool | primary","explain | practice","lesson","Explicitly taught vocabulary produces large gains on the taught words and much smaller gains on standardized vocabulary or comprehension measures.","Repeated, varied, meaningful encounters with definitions plus contexts build depth of word knowledge that incidental exposure delivers too slowly.","word learning | language development | comprehension preparation","preschool | classroom | intervention | shared reading","Careful word selection for utility | Multiple varied exposures | Opportunities to use the words","Effects on taught words far exceed effects on standardized measures | The number of words teachable directly is limited | Word depth, not just breadth, is the target","Word lists without meaningful use | Expecting standardized comprehension gains from a short programme | Choosing rare words with low utility","Taught-word depth and use; measure=Researcher-designed measures of the taught words plus observed spontaneous use, reported separately from standardized measures; timing=During and after the unit; caveat=Standardized measures will understate the taught-word effect and should not be conflated","strong","high","Meta-analysis shows large effects on researcher-developed measures of taught words and much smaller effects on standardized measures.","direct-intervention","Preschool and early primary, including multilingual learners.","metric=d; value=0.88; note=Researcher-developed measures; roughly 0.29 on standardized measures.","candidate-default-with-fit-check","Teach high-utility words explicitly, and report taught-word and standardized outcomes separately so the effect is not overstated.","source:marulis-vocabulary | source:elleman-vocabulary | source:early-childhood-wwc","","tactic | literacy | language | early-childhood","new"
"pedagogy:elaborative-interrogation","Elaborative interrogation","tactic","established","cognitive","general | science","primary | middle | secondary | postsecondary","practice | consolidate","micro-move","Prompt the learner to explain why a stated fact is true, linking it to what they already know.","Generating a reason integrates the new fact with existing knowledge and exposes gaps that passive reading leaves hidden.","factual learning with underlying reasons | text study | concept consolidation","study strategies | classroom questioning | adaptive software","Some relevant prior knowledge to elaborate from | Facts that actually have explanations","Benefits shrink when prior knowledge is very low | Not applicable to arbitrary associations | Learner-generated explanations may be wrong and need checking","Accepting fluent but incorrect explanations | Using it for arbitrary facts where no reason exists | Adding time without checking the elaboration's accuracy","Accuracy of generated reasons; measure=Coding of explanation correctness plus delayed factual and inference tests; timing=During study and at delay; caveat=Verbose explanations are not better explanations","context-dependent","moderate","Rated moderate utility in a comprehensive evidence review; benefits established mainly for factual material with existing prior knowledge.","direct-intervention","Mostly laboratory and short classroom studies with factual content.","","contextual-option","Cheap addition for explainable facts; verify the generated explanation rather than assuming it.","source:dunlosky-techniques | source:chi-self-explanation","","tactic | elaboration | explanation | memory","new"
"pedagogy:engagement-construct","Engagement: behavioural, emotional, and cognitive","construct","established","motivational-social | sociocultural","general | digital-environments","primary | middle | secondary | postsecondary","diagnose | climate","unit-course","Engagement is a multidimensional construct, and behavioural on-task appearance is the weakest of its three dimensions as evidence of learning.","Behaviour, affect, and cognitive investment vary independently, so a compliant learner can be cognitively disengaged and vice versa.","early warning systems | dropout prevention | product analytics","classroom | adaptive software | school systems","Measures that distinguish the three dimensions","Behavioural proxies dominate available data and are the least informative | Definitions vary widely across studies | Engagement metrics are easy to optimize without learning","Optimizing time-in-app as an educational outcome | Reading compliance as cognitive engagement | Penalizing learners for disengagement caused by the design","Cognitive engagement distinguished from compliance; measure=Explanation quality and self-regulated strategy use alongside behavioural logs; timing=Continuously; caveat=Click and time metrics measure the product, not the learning","strong","moderate","A widely adopted three-dimensional synthesis; the constituent measures vary substantially in quality.","mixed-direct-and-inferential","Broad conceptual adoption; measurement quality is the weak point.","","contextual-option","Never report a single engagement number; separate the dimensions and treat behavioural data as the weakest signal.","source:fredricks-engagement | source:icap","","construct | engagement | measurement | digital","new"
"pedagogy:errorful-learning","Errorful learning and the hypercorrection effect","tactic","established","cognitive","general","cross-lifespan","feedback | practice | climate","micro-move","Errors made with feedback support learning, and confidently held errors are especially likely to be corrected and stay corrected.","An error creates a discrepancy that draws attention to the feedback; high-confidence errors produce surprise, which enhances encoding of the correction.","misconception correction | quiz feedback | skill practice","classroom | adaptive software | tutoring | low-stakes quiz","Feedback that actually follows the error | Psychological safety to be wrong | Attention to the corrective information","Without feedback, errors can persist | The benefit is about learning, not about arranging failure for its own sake | Public error exposure carries social cost","Designing for failure without guaranteeing correction | Exposing errors publicly in unsafe climates | Assuming error rate itself is a goal","Correction durability by pre-error confidence; measure=Track error, confidence, feedback, and later retention of the correction; timing=Immediately and at delay; caveat=Uncorrected errors are consolidated by the same mechanism","strong","high","A well-replicated body of experiments, reviewed comprehensively, showing errors followed by feedback benefit learning and that high-confidence errors are corrected most readily.","direct-intervention","Broad across ages and materials where feedback is provided.","","candidate-default-with-fit-check","Design for errors plus guaranteed correction and safety; never for errors alone.","source:metcalfe-errors | source:feedback-meta | source:hattie-timperley-feedback","","tactic | feedback | error | climate","new"
"pedagogy:executive-function-curricula","Executive-function curricula and training programmes","method","disputed","developmental | instructional-design","general | special-education","preschool | primary","self-regulate | climate","program-system","Curricula designed to build self-regulation show mixed results: some trials report meaningful gains, others null effects, and far transfer to achievement is not reliable.","Structured play and regulation routines are intended to give repeated practice at inhibition and planning within classroom activity.","school readiness programmes | self-regulation support","preschool | classroom","High implementation fidelity and coaching | Sustained duration","Results vary sharply across trials and sites | Effects are largest where baseline regulation support was weakest | Implementation fidelity explains much of the variance","Adopting a branded curriculum on early promising results | Assuming EF gains produce achievement gains | Displacing language and content learning","Regulation and academic outcomes reported separately; measure=Direct EF measures plus independent academic measures with fidelity data; timing=Across a programme year and after; caveat=Positive EF results do not imply academic results","contested","moderate","Randomized trials of the best-known curriculum show inconsistent results across sites, and the broader review finds transfer is narrow.","direct-intervention","Preschool and early primary; site-dependent.","","experimental-only","Treat as a local experiment with fidelity monitoring and separate reporting of regulation and academic outcomes.","source:blair-raver-tools | source:diamond-ling","","method | early-childhood | contested | self-regulation","new"
"pedagogy:executive-function-development","Executive function development","construct","established","developmental | neuroscience","general | special-education","preschool | primary | middle","diagnose | self-regulate | sequence","program-system","Inhibitory control, working memory, and cognitive flexibility develop through childhood, predict school outcomes, and are supported by repeated challenge in meaningful activity.","These capacities improve with sustained practice at the edge of current ability, embedded in activities the child cares about and with adult support for emotional and physical state.","school readiness | self-regulation support | task design for young children","preschool | classroom | home partnership","Activities that repeatedly stress the target capacity | Emotional and physical wellbeing supports | Progressive increase in challenge","Transfer is narrow: gains appear on trained and near skills | Stress, sleep, and physical state substantially affect performance | Age norms describe groups, not individuals","Buying commercial EF training expecting academic gains | Diagnosing individuals from age norms | Treating dysregulation as defiance","Regulation in authentic demanding activity; measure=Direct EF tasks plus observation in real classroom demands; timing=Repeatedly across a year; caveat=Laboratory task gains rarely generalize to classroom behaviour","strong","high","Comprehensive reviews establish the construct, its developmental course, and the narrowness of transfer from training.","mixed-direct-and-inferential","Well established for early and middle childhood.","","candidate-default-with-fit-check","Support executive function inside meaningful activity; expect narrow transfer and never diagnose from age norms.","source:diamond-executive-function | source:diamond-ling | source:early-childhood-wwc","","construct | early-childhood | development | self-regulation","new"
"pedagogy:expectancy-value-theory","Expectancy-value theory of achievement motivation","theory","established","motivational-social | developmental","general","primary | middle | secondary | postsecondary | adult-workplace","motivate | diagnose","unit-course","Choice, persistence, and performance depend jointly on expectancy of success and on subjective task value, minus perceived cost.","Learners act where they expect to succeed and where the task carries interest, utility, or identity value at acceptable cost; either term at zero collapses engagement.","course and subject choice | persistence | effort allocation","classroom | advising | workplace learning","A measurable expectancy and value profile | A task the learner can actually choose to engage or not","Cost is often the neglected and decisive term | Values are situated and change with context and identity | Self-report measures dominate the evidence","Treating low effort as low ability when it is low value or high cost | Raising expectancy with false reassurance | Ignoring opportunity cost for working adults","Expectancy, value, and cost profile; measure=Validated scales plus observed choice and persistence; timing=Before and during a unit; caveat=Stated value can shift quickly with early success or failure","context-dependent","high","Decades of longitudinal and experimental work consolidated in a major theoretical review; the cited evidence is a theory synthesis plus intervention studies rather than a pooled effect synthesis.","mixed-direct-and-inferential","Broad across ages and domains; measurement is self-report heavy.","","candidate-default-with-fit-check","Diagnose disengagement by separating expectancy, value, and cost before attributing it to effort.","source:eccles-wigfield-2020 | source:hulleman-utility-value","","theory | motivation | diagnostic | agency","new"
"pedagogy:expertise-reversal","Expertise reversal effect","principle","established","cognitive | instructional-design","general","cross-lifespan","sequence | practice","unit-course","Instructional support that helps novices becomes redundant and then harmful as learners gain knowledge, so guidance must be faded against measured expertise.","Once a learner holds the relevant schema, external guidance must be reconciled with internal knowledge, adding processing that serves no purpose.","worked example sequencing | scaffolding design | adaptive support","adaptive software | tutoring | instructional materials | classroom","A measure of current domain-specific prior knowledge | The ability to change support level","Expertise is knowledge-component specific, not a global learner level | Requires ongoing measurement, not a one-time placement | Reversal points differ by task and by learner","Freezing support at the novice setting for a whole course | Using a global 'level' label instead of task-specific evidence | Fading support faster than competence grows","Interaction of support level with prior knowledge; measure=Compare supported and unsupported conditions across prior-knowledge bands; timing=Repeatedly as knowledge develops; caveat=An average effect hides the interaction that matters","strong","high","A replicated interaction documented across many instructional-design experiments and syntheses.","direct-intervention","Well evidenced in well-structured domains; the reversal point is task-specific.","","candidate-default-with-fit-check","The single most important boundary condition on scaffolding, worked examples, and multimedia guidance; enforce it as a fading rule.","source:kalyuga-expertise-reversal | source:cognitive-load | source:worked-examples-meta","","principle | adaptive | novice | warning","new"
"pedagogy:explicit-direct-instruction","Explicit instruction (principles of instruction)","method","established","cognitive | behavioral | instructional-design","general | literacy | mathematics","primary | middle | secondary | adult-workplace","explain | practice | feedback","lesson","Present new material in small steps with modelling, guided practice, high-frequency questioning, checks for understanding, and independent practice.","Small steps and frequent checks keep working-memory demand manageable and surface errors before they are practised, while modelling makes expert processes visible.","new skill acquisition | well-structured procedures | foundational knowledge","classroom | intervention | tutoring | training","A decomposable skill or body of knowledge | Prepared examples and checking questions | Time for guided then independent practice","Explicit is not lecture: it requires high-frequency response and checking | Guidance must fade as competence grows | Weakest fit for open, ill-structured, or judgment-laden tasks","Degenerating into uninterrupted teacher talk | Holding guidance constant past the point of expertise reversal | Over-fitting to the taught examples with no varied practice","Independent accuracy on untaught items; measure=Check-for-understanding hit rate during the lesson plus unassisted delayed items; timing=Within lesson and after a delay; caveat=High choral response can mask individual non-understanding","strong","high","Synthesis of process-product research, cognitive-science findings, and expert-teacher studies converging on the same set of practices; strongest for foundational and well-structured content.","mixed-direct-and-inferential","Broad for well-structured content and novice learners; weaker evidence for open-ended disciplinary work.","","candidate-default-with-fit-check","Sound default for novel well-structured content, provided checking is frequent and guidance fades.","source:rosenshine-principles | source:kirschner-minimal-guidance | source:ies-study","","method | novice | practice | explanation","new"
"pedagogy:external-attentional-focus","External focus of attention in motor learning","tactic","consolidating","cognitive | behavioral","physical-motor | music | health","cross-lifespan","explain | practice","micro-move","Instructions that direct attention to the movement's external effect produce better motor performance and learning than instructions focused on body movements.","An external focus permits automatic control processes to operate, while an internal focus induces conscious interference with them.","motor skill instruction | rehabilitation | sports coaching","training | clinical rehabilitation | sports coaching | music practice","An identifiable external effect to focus on | Cue wording that is genuinely external","Effects vary by skill and expertise level | Much of the evidence is short-term laboratory work | Wording distinctions are subtle and often mis-implemented","Cues that are labelled external but describe the body | Assuming it applies to every skill and stage | Overgeneralizing from single-session studies","Performance and retention by cue type; measure=Matched tasks with internal versus external cue wording plus delayed retention; timing=During and after practice; caveat=Coaches routinely misclassify their own cues","context-dependent","moderate","A substantial review reporting consistent advantages for external focus, though largely from short laboratory studies.","direct-intervention","Motor tasks across ages; durability evidence is thinner.","","contextual-option","Cheap cue-wording change worth adopting; verify cues are genuinely external and measure retention.","source:wulf-attentional-focus | source:shea-morgan-contextual","","tactic | physical-motor | explanation | practice","new"
"pedagogy:fact-fluency","Basic fact fluency and automaticity","tactic","established","cognitive | behavioral","mathematics","primary | middle","practice | consolidate","micro-move","Building efficient retrieval of basic facts frees working memory for multi-step reasoning, but fluency work must follow understanding and avoid anxiety-inducing formats.","Automatic retrieval removes the working-memory cost of recomputing components inside a larger problem.","arithmetic fluency | multi-step problem support | intervention","classroom | intervention | adaptive software | home practice","Conceptual understanding of the operation first | Short frequent distributed sessions | Low-stakes format","Timed public drills are a documented anxiety source | Fluency is a means to reasoning, not the goal | Strategy-based fluency outperforms rote drill for many learners","Timed tests entrenching mathematics anxiety | Fluency work before understanding | Confusing speed with mathematical competence","Retrieval efficiency and downstream capacity; measure=Fluency probes plus performance on multi-step problems and an anxiety check; timing=Weekly; caveat=Faster facts alone do not indicate better mathematics","strong","moderate","Evidence-rated intervention guidance recommends fluency-building activities, while the anxiety literature constrains the format.","direct-intervention","Primary and middle grades, especially learners with mathematics difficulty.","","candidate-default-with-fit-check","Build fluency after understanding, in short distributed low-stakes sessions rather than timed public drills.","source:math-intervention-wwc | source:barroso-math-anxiety | source:spacing-meta","source:math-intervention-wwc: Recommendation on building fluent retrieval of basic arithmetic facts","tactic | mathematics | practice | spacing","new"
"pedagogy:feedback-design-levels","Feedback levels: task, process, self-regulation, and self","principle","established","cognitive | motivational-social","general | assessment-measurement","cross-lifespan","feedback","micro-move","Feedback about the task, the process, and self-regulation supports learning, while feedback about the person is ineffective or harmful.","Feedback works by reducing a gap between current and desired understanding; person-directed feedback carries no gap-closing information and diverts attention to the self.","written feedback | verbal correction | automated feedback design","classroom | tutoring | adaptive software | workplace learning","A clear goal the learner understands | Information about the gap | An opportunity to act on it","A substantial minority of feedback interventions reduce performance | Praise directed at the person does not improve learning | Feedback without a chance to revise is inert","Grades crowding out attention to comments | Person praise creating contingent self-worth | Overwhelming volume of correction","Uptake and subsequent performance; measure=Evidence of the feedback being acted on plus performance on the next attempt; timing=Immediately after the revision opportunity; caveat=Reading feedback is not acting on it","strong","high","Convergent evidence from the classic feedback meta-analysis, the four-level synthesis, and later meta-analyses of feedback in education.","direct-intervention","Broad; effect sign depends on level and on revision opportunity.","metric=d; value=0.48; note=Average positive effect with wide variance; over a third of interventions in the classic meta-analysis reduced performance.","candidate-default-with-fit-check","Direct feedback at task, process, or self-regulation, and always provide the revision opportunity that makes it usable.","source:hattie-timperley-feedback | source:feedback-meta | source:wisniewski-feedback-meta | source:shute-formative-feedback","","principle | feedback | revision | warning","new"
"pedagogy:feedback-literacy","Feedback uptake and learner feedback literacy","framework","consolidating","instructional-design | sociocultural","general | assessment-measurement","secondary | postsecondary | adult-workplace","feedback | self-regulate","unit-course","Feedback only counts when the learner appreciates, judges, and acts on it, so systems must design for uptake rather than for delivery.","Learners need the capability to evaluate quality, manage the affective response, and take action; without it, well-formed comments produce nothing.","assignment feedback cycles | peer review | coaching conversations","higher education | workplace learning | classroom","A subsequent task where the feedback applies | Exemplars and criteria the learner can use to judge quality | Time allocated for uptake","Uptake capability must be developed deliberately | Emotional response mediates use | Evidence base is largely conceptual and higher-education-based","Measuring feedback quality by volume produced | Assuming uptake because comments were delivered | Blaming learners for not using feedback they were never taught to use","Documented action on feedback; measure=Comparison of successive drafts or attempts plus learner accounts of what they changed; timing=Across the feedback cycle; caveat=Satisfaction with feedback correlates weakly with using it","context-dependent","low","A conceptual framework with growing but largely qualitative higher-education evidence; consistent with the finding that feedback needs a revision opportunity.","consensus-design","Mostly higher education; limited causal evidence.","","contextual-option","Design the uptake step explicitly and measure the change it produced, not the feedback delivered.","source:carless-feedback-literacy | source:nicol-macfarlane | source:sadler-formative","","framework | feedback | self-regulation | revision","new"
"pedagogy:flipped-classroom","Flipped classroom","method","consolidating","instructional-design","general | science | mathematics | digital-environments","secondary | postsecondary | adult-workplace","practice | feedback | sequence","unit-course","Moving first exposure before class and using class time for practice and feedback yields a small positive average effect on learning.","Class time is reallocated from transmission to guided practice with feedback; the gain depends on what actually fills the reclaimed time.","procedural practice | concept application | course redesign","higher education | secondary classroom | blended programs","Reliable pre-class access for every learner | Accountability for pre-class work | A designed in-class activity, not free time","The effect comes from the in-class redesign, not the video | Adding pre-class work without removing anything increases total load | Access inequities directly become learning inequities","Assuming video watching happened | Doubling workload rather than reallocating it | Widening gaps for learners without home connectivity","Learning versus the same course unflipped; measure=Common assessments plus pre-class completion and in-class activity records; timing=Across a term; caveat=Satisfaction ratings often drop even when learning rises","context-dependent","moderate","Meta-analysis finds a small positive average effect on learning with no consistent satisfaction advantage; quizzing on pre-class material is a positive moderator.","direct-intervention","Mostly higher education and secondary; heterogeneous designs.","metric=g; value=0.36; note=Small positive effect on learning outcomes; near-zero on student satisfaction.","contextual-option","Worthwhile only if the reclaimed class time is redesigned for practice and feedback and access is guaranteed.","source:vanalten-flipped | source:bernard-distance","","method | digital | practice | sequence","new"
"pedagogy:formative-assessment-cycle","Formative assessment as an adaptive cycle","framework","consolidating","psychometric | instructional-design","assessment-measurement | general","primary | middle | secondary | postsecondary","assess | feedback","lesson","Elicit evidence, interpret it against a learning goal, and change the next learner or instructional action.","A valid short-cycle signal reduces uncertainty about the current gap and makes feedback, regrouping, reteaching, or learner revision responsive.","ongoing learning | diagnosis | revision","classroom | tutoring | training","Clear learning goal and success criteria | An elicitation aligned to the construct | Authority and time to respond","The cycle is formative only if evidence changes a next action | Keep interpretations proportional to evidence","Calling any quiz formative | Collecting dashboards without adaptation | Repeating broad effect-size claims across heterogeneous implementations","Evidence-contingent next action and gap closure; measure=Documented regrouping, reteaching, feedback uptake, revision, and follow-up task; timing=Within the instructional cycle; caveat=The existence of a score or quiz is not evidence of formative use","context-dependent","moderate","Influential positive review plus a critical review documenting definition, implementation, and magnitude problems.","mixed-direct-and-inferential","Broad logic; effects depend heavily on domain, implementation, population, and follow-through.","","contextual-option","Retrieve the full evidence-to-action loop, not an assessment event in isolation.","source:formative-review | source:formative-critique | source:assessment-nrc","","assessment | feedback | adaptive | measurement","inherited"
"pedagogy:formative-assessment-effect-caution","Formative assessment effect size caution","constraint","consolidating","psychometric | instructional-design","assessment-measurement | general","primary | middle | secondary | postsecondary","assess | feedback","program-system","Formative assessment is widely endorsed, but rigorous meta-analytic estimates of its effect are much smaller than the figures commonly quoted, and vary by what was actually implemented.","The label covers everything from a five-minute exit ticket to a whole-school system, so pooled estimates aggregate incomparable interventions.","programme claims | policy justification | evaluation design","school systems | programme evaluation | product claims","A specific described practice rather than the umbrella label","Widely cited large effect figures are not supported by later rigorous syntheses | Effects vary by subject, format, and implementation | Publication and implementation quality vary widely","Marketing an inflated effect size | Treating any quizzing as formative assessment | Abandoning the practice because the headline number shrank","Specified practice with its own evidence; measure=Describe the exact practice and cite evidence for that practice, not the umbrella term; timing=At the point of any claim; caveat=Umbrella-label effect sizes are uninterpretable","contested","high","A rigorous meta-analysis produced substantially smaller estimates than the widely quoted earlier figures, and a critical review documented conceptual imprecision in the construct.","direct-intervention","The caution applies wherever the umbrella term is used.","metric=d; value=0.2; note=Approximate meta-analytic estimate, well below the often-quoted 0.4 to 0.7 range.","do-not-generalize","Name the specific practice and cite its own evidence; never quote an umbrella formative-assessment effect size.","source:kingston-nash-formative | source:formative-critique | source:formative-review","","constraint | assessment | contested | warning","new"
"pedagogy:game-based-learning","Serious games and game-based learning","method","consolidating","instructional-design | motivational-social","digital-environments | science | mathematics | general","primary | middle | secondary | postsecondary","practice | motivate | feedback","unit-course","Well-designed instructional games can improve learning modestly relative to conventional instruction, especially when supplemented with other instruction and played over multiple sessions.","Games provide continuous responding, immediate consequence feedback, and goal structures, but only the instructionally aligned parts produce learning.","procedural practice | system understanding | simulation of consequences","adaptive software | classroom | home learning","Alignment of game mechanics with the target knowledge | Supplementary instruction and debriefing | Multiple sessions","Effects depend on design, not on being a game | Motivation gains do not reliably follow | Off-task play consumes time invisibly","Assuming engagement equals learning | Mechanics that reward speed over reasoning | Buying a game and skipping the surrounding instruction","Learning outside the game; measure=Transfer assessment outside the game environment plus time-on-task logs; timing=After multiple sessions; caveat=In-game scores mostly measure game skill","context-dependent","moderate","Meta-analyses find small-to-moderate learning advantages over conventional instruction, moderated by supplementary instruction and number of sessions; motivation effects are not consistent.","direct-intervention","Heterogeneous across genres, ages, and subjects.","metric=d; value=0.29; note=Learning advantage over conventional instruction; motivation effects not reliably positive.","contextual-option","Judge the instructional design, not the format; require an out-of-game transfer measure.","source:wouters-serious-games | source:clark-digital-games","","method | digital | engagement | practice","new"
"pedagogy:gamification-reward-layers","Gamification of non-game learning activities","tactic","consolidating","motivational-social | behavioral","digital-environments | general","primary | middle | secondary | postsecondary | adult-workplace","motivate | feedback","micro-move","Adding game elements such as points, badges, and leaderboards to ordinary activities produces small positive effects on cognitive and behavioural outcomes and is highly design-dependent.","Game elements can add goal clarity and progress feedback; competitive elements can also crowd out interest and disadvantage lower performers.","practice adherence | habit formation | progress visibility","adaptive software | training platforms | classroom systems","An activity that is worth doing repeatedly | Progress signals tied to real learning, not clicks","Effects are small and vary by element type | Public leaderboards can harm lower-performing learners | Extrinsic rewards can undermine existing intrinsic interest","Optimizing streaks and points over understanding | Ranking learners publicly | Manufacturing compliance and calling it motivation","Learning and voluntary persistence; measure=Learning outcomes plus voluntary return after rewards stop, disaggregated by performance band; timing=During and after removal of the mechanics; caveat=Engagement metrics rise most for those already succeeding","context-dependent","moderate","Meta-analysis finds small positive average effects on cognitive, motivational, and behavioural outcomes with strong dependence on which elements are used.","direct-intervention","Broad but element-specific; competitive elements are the riskiest.","metric=g; value=0.49; note=Cognitive outcomes; motivational and behavioural effects smaller.","contextual-option","Prefer progress and mastery signals over competition; check effects for the lowest-performing band separately.","source:sailer-gamification | source:ryan-deci-sdt","","tactic | motivation | digital | risk","new"
"pedagogy:generation-effect","Generation effect","tactic","established","cognitive","general","cross-lifespan","practice | consolidate","micro-move","Information a learner generates is remembered better than the same information read, provided generation succeeds or is corrected.","Generating engages the retrieval and construction processes that later recall depends on, creating a stronger and more distinctive trace.","vocabulary | definitions | procedure steps","study strategies | adaptive software | classroom questioning","Enough knowledge to attempt generation | Immediate correction available","Fails without adequate prior knowledge or feedback | Effect sizes are modest for complex material | Time cost per item is higher than reading","Uncorrected generation consolidating errors | Applying it to material with no basis for generation | Confusing it with unguided discovery of new concepts","Recall for generated versus read items; measure=Within-subject item comparison at delay; timing=After a delay; caveat=Generation is slower per item; compare per unit time as well","strong","high","A classic and widely replicated memory effect, with modern reviews clarifying that errorful generation also helps when feedback follows.","direct-intervention","Robust for verbal material; smaller and more conditional for complex content.","","candidate-default-with-fit-check","Prefer generation over presentation whenever feedback can immediately follow.","source:slamecka-generation | source:metcalfe-errors | source:dunlosky-techniques","","tactic | generation | memory | practice","new"
"pedagogy:gesture-and-embodiment","Gesture and embodied representation","tactic","consolidating","cognitive | developmental | neuroscience","mathematics | science | world-language","preschool | primary | middle | secondary","explain | diagnose","micro-move","Producing and observing task-relevant gestures supports learning of spatial and relational content and can make emerging understanding visible.","Gesture externalizes spatial and relational structure, offloads working memory, and expresses knowledge a learner cannot yet verbalize.","spatial reasoning | equation structure | concept explanation","classroom | tutoring | video instruction","Content with spatial or relational structure | A gesture that maps to that structure","Arbitrary gestures do not help | Evidence is strongest for children and spatial or mathematical content | Accessibility alternatives are needed for learners who cannot see or produce gestures","Adding decorative movement | Requiring gesture in ways that exclude some learners | Reading gesture as proficiency","Gesture-speech mismatch and learning readiness; measure=Coded gesture during explanation plus post-instruction performance; timing=During explanation and after instruction; caveat=Mismatch signals readiness, not mastery","context-dependent","moderate","Experimental work shows gesture production causally aids learning of mathematical and spatial content and reveals transitional knowledge.","direct-intervention","Strongest for children learning spatial or mathematical relations.","","contextual-option","Use structurally meaningful gesture for spatial and relational content, with accessible alternatives available.","source:goldin-meadow-gesture | source:hpl2","","tactic | representation | mathematics | diagnostic","new"
"pedagogy:goal-setting-and-implementation-intentions","Specific goals and implementation intentions","tactic","established","motivational-social | behavioral","general | professional-workplace","middle | secondary | postsecondary | adult-workplace","self-regulate | motivate","micro-move","Specific, difficult, accepted goals outperform vague ones, and if-then plans that specify when and where to act close much of the intention-action gap.","Specific goals direct attention and effort and permit self-monitoring; if-then plans delegate initiation to a situational cue rather than to willpower.","study planning | practice adherence | behaviour change","coaching | study strategies | workplace learning | adaptive software","Goal acceptance and commitment | The skill to actually perform the action | Feedback on progress","Specific difficult goals harm performance on tasks still being learned | Goals without feedback do little | They can narrow attention and encourage gaming the metric","Setting outcome goals for skills not yet acquired | Metric fixation and neglect of unmeasured goals | Demoralization when goals are imposed rather than accepted","Goal-linked behaviour change; measure=Rate of intended action performed plus progress on the target skill; timing=Weekly; caveat=Goal attainment can be met by lowering the standard","strong","high","One of the most replicated findings in organizational psychology, with a large separate literature on implementation intentions.","direct-intervention","Robust for performance of acquired skills; weaker or negative during acquisition.","metric=d; value=0.6; note=Implementation-intention effects on goal attainment are typically medium-to-large.","candidate-default-with-fit-check","Use learning goals during acquisition and performance goals after; always pair with progress feedback.","source:locke-latham-goals | source:zimmerman-srl","","tactic | self-regulation | motivation | adult","new"
"pedagogy:grit-construct","Grit as a predictor","construct","deprecated","motivational-social","general","secondary | postsecondary | adult-workplace","diagnose","program-system","Grit adds little predictive power beyond conscientiousness, and its perseverance facet does nearly all the work.","The measure largely re-describes conscientiousness; the passion-for-consistency facet contributes minimally to prediction.","persistence prediction | selection decisions","admissions | programme evaluation | coaching","None; the construct is being assessed rather than applied","Incremental validity over conscientiousness is small | Correlations with performance are modest | There is no evidence base for durable grit training","Using grit scores in selection or placement | Attributing structural barriers to insufficient perseverance | Selling grit curricula as evidence-based","Incremental prediction over conscientiousness; measure=Hierarchical regression including conscientiousness, not grit alone; timing=At selection or evaluation; caveat=Zero-order correlations look far more impressive than incremental ones","contested","high","Meta-analysis finds grit is strongly correlated with conscientiousness, weakly predictive of performance, and largely reducible to its perseverance facet.","mixed-direct-and-inferential","Broad; the critique is measurement-level.","metric=r; value=0.18; note=Approximate meta-analytic correlation with academic performance; minimal incremental validity over conscientiousness.","do-not-generalize","Do not use as a selection variable or as a target of instruction; treat persistence as situational and supportable.","source:crede-grit-meta | source:duckworth-grit","","construct | contested | motivation | warning","new"
"pedagogy:growth-mindset-warning","Growth-mindset intervention warning","anti-pattern","disputed","motivational-social","general","primary | middle | secondary | postsecondary","motivate","program-system","Do not treat brief growth-mindset messaging as a general achievement intervention or replacement for strategy, instruction, feedback, and opportunity.","The proposed path from malleability belief to challenge seeking and effort is plausible, but changing a belief does not itself supply knowledge, effective strategy, or resources.","motivation support","advising | classroom climate","If used, pair with effective strategies and structural support | Pre-register objective outcomes and manipulation checks","Separate belief change from achievement effects","Praising effort without effective strategy | Blaming learners | Replacing instruction or resources with slogans","Behavior and achievement beyond self-reported belief; measure=Challenge choice, strategy change, persistence, and long-term objective outcome; timing=After sufficient follow-up; caveat=A successful mindset manipulation is not an achievement effect","contested","high","Large critical meta-analysis found tiny overall effects and nonsignificant effects in higher-quality or bias-adjusted subsets.","direct-intervention","Does not support a general achievement intervention claim.","","do-not-generalize","At most a small contextual component; never a substitute for substantive teaching and opportunity.","source:growth-mindset-meta","","motivation | warning | contested | equity","inherited"
"pedagogy:guided-inquiry","Guided inquiry and guided discovery","method","established","constructivist | cognitive","science | mathematics | computing","primary | middle | secondary | postsecondary","explain | practice | transfer","unit-course","Inquiry works when it is guided: unassisted discovery underperforms, while inquiry with explicit guidance, feedback, and worked support outperforms both.","Guidance keeps search within a productive space so learners test ideas rather than exhaust working memory on unconstrained exploration.","investigation design | concept discovery | scientific practice","classroom | laboratory | simulation","A constrained investigation space | Explicit guidance, prompts, or worked support | Consolidation after exploration","The amount of guidance, not the inquiry label, drives the effect | Younger and lower-prior-knowledge learners need more guidance | Teacher-led inquiry activities show larger effects than pure student-led ones","Equating inquiry with minimal guidance | Confirming misconceptions through unguided exploration | Assessing enthusiasm instead of understanding","Concept and epistemic gains under specified guidance; measure=Concept measures plus records of what guidance was actually provided; timing=During and after the investigation; caveat=Guidance level is often unreported, making results uninterpretable","strong","high","Meta-analyses consistently show unassisted discovery underperforms explicit instruction while guided discovery outperforms both; guidance is the decisive moderator.","direct-intervention","Robust across ages and science topics.","metric=d; value=0.5; note=Enhanced/guided discovery versus other conditions; unassisted discovery is negative relative to explicit instruction.","candidate-default-with-fit-check","Adopt inquiry only with specified guidance; record the guidance level as part of the design.","source:alfieri-discovery | source:furtak-inquiry | source:lazonder-harmsen | source:kirschner-minimal-guidance","","method | science | inquiry | scaffolding","new"
"pedagogy:guided-play","Guided play","tactic","consolidating","developmental | constructivist","general | mathematics","preschool | primary","motivate | practice","lesson","Combine genuine child choice and meaningful play with a clear learning goal and responsive adult questions, hints, modeling, or environment design.","Agency and exploration sustain engagement while contingent guidance focuses attention on relevant relations.","early mathematics | spatial concepts | some task switching","preschool | museum | home | classroom center","Genuine choice | A specific learning goal | Responsive rather than rigid guidance","Evidence is narrow and heterogeneous | Preserve the distinction from free play and scripted direct instruction","Calling any playful-looking worksheet guided play | Assuming superiority for all literacy, social-emotional, or executive-function outcomes","Child-led exploration focused by adaptive guidance; measure=Choice, prompt contingency, persistence, explanation, and target-domain outcome; timing=During play and on a separate target check; caveat=Enjoyment alone does not show concept learning","context-dependent","moderate","Systematic review found benefits for some early math, shape, and switching outcomes, often from few studies, and nulls elsewhere.","direct-intervention","Mainly ages one to eight; strongest for selected early mathematics and spatial outcomes.","","contextual-option","Retrieve with an explicit target, real child agency, responsive guidance, and domain-specific measurement.","source:guided-play-review | source:early-childhood-wwc","","early-childhood | play | agency | scaffolding","inherited"
"pedagogy:historical-thinking-sourcing","Historical thinking: sourcing, contextualizing, corroborating","method","consolidating","sociocultural | cognitive","history-social-studies | literacy","middle | secondary | postsecondary","explain | transfer | assess","unit-course","Teaching learners to source, contextualize, and corroborate documents improves historical reasoning and can also improve general reading comprehension.","Attending to who produced a text, when, and why converts reading from information extraction into evidence evaluation.","document analysis | argumentation from evidence | media evaluation","secondary classroom | higher education","Curated document sets with real interpretive tension | Background knowledge of the period | Explicit modelling of the heuristics","Requires substantial background knowledge to contextualize | Expert heuristics do not appear spontaneously in novices | Curriculum time cost is significant","Document activities without background knowledge | Reducing history to generic critical thinking | Assuming digital source evaluation transfers automatically","Use of sourcing heuristics on new documents; measure=Coded think-aloud or written analysis of unfamiliar documents; timing=After the unit and at delay; caveat=Naming the heuristic is not using it","context-dependent","moderate","Classic expert-novice studies plus classroom intervention evidence showing gains in historical thinking and some transfer to general comprehension.","direct-intervention","Secondary history classrooms, mostly United States studies.","","contextual-option","Strong fit for evidence-based reasoning goals; guarantee the background knowledge the contextualizing step requires.","source:wineburg-historical | source:reisman-document-based | source:shanahan-disciplinary","","method | history | reasoning | literacy","new"
"pedagogy:home-learning-environment","Home learning environment and family practices","construct","established","developmental | sociocultural","literacy | mathematics | multilingual","infancy-toddler | preschool | primary","access | practice | climate","program-system","Informal exposure to literacy and formal teaching of skills at home predict different outcomes: shared reading predicts vocabulary, direct teaching predicts early decoding.","Different home activities provide different inputs; meaning-focused exposure builds language while explicit teaching builds code skills.","family partnership | early literacy planning | readiness support","home partnership | preschool | community programs","Materials and time available in the home | Guidance in the home's own language","Largely correlational with substantial confounding | Home practices vary by culture and resources, and difference is not deficit | Effects are activity-specific, not a general involvement factor","Deficit framing of families | Assigning school-like homework to families as a fix | Assuming one home activity improves all outcomes","Activity-specific child outcomes; measure=Distinguish exposure and teaching activities and link each to matched child measures; timing=Across the preschool years; caveat=A global involvement score hides which activity did the work","strong","moderate","Longitudinal work distinguishing informal and formal home literacy experiences with differentiated outcome prediction; evidence is correlational.","mixed-direct-and-inferential","Demonstrated across several languages; culturally situated.","","contextual-option","Support specific activities matched to specific goals, in the family's language, without deficit framing.","source:senechal-lefevre | source:early-childhood-wwc | source:hpl2","","construct | early-childhood | literacy | equity","new"
"pedagogy:homework-practice","Homework as distributed practice","tactic","established","behavioral | instructional-design","general","primary | middle | secondary","practice | consolidate","micro-move","Homework's association with achievement is near zero in primary school and grows with age; the quality and purpose of the task matters more than the amount.","Out-of-class work can provide spacing and retrieval, but only if the task is practicable independently and errors are corrected afterwards.","retention practice | prerequisite maintenance | preparation","home learning | classroom systems","The learner can do it without help | Feedback on it afterwards | Home conditions that permit it","Age moderates the association strongly | Correlational evidence dominates; causal claims are weak | Home resource inequality is directly transmitted into outcomes","Assigning new material as homework | Amplifying inequity between home environments | Uncorrected practice consolidating errors","Independent completion and later retention; measure=Completion without assistance plus delayed in-class retrieval performance; timing=Following assignment and later; caveat=Completion rate says nothing about who did it","context-dependent","moderate","Synthesis of largely correlational studies showing a strong age gradient and dependence on task design.","mixed-direct-and-inferential","Association near zero for young children, moderate for secondary.","metric=r; note=Effectively zero in elementary grades; increasing through secondary school.","contextual-option","Justify each assignment by spacing or retrieval purpose; never assign unlearned material, and check equity of home conditions.","source:cooper-homework | source:ies-study","","tactic | practice | equity | spacing","new"
"pedagogy:icap-engagement-hypothesis","ICAP cognitive-engagement ordering","framework","emerging","cognitive","general","primary | middle | secondary | postsecondary","practice | collaborate","lesson","Classify overt engagement as passive, active, constructive, or interactive and predict deeper learning when learners generate beyond given information or co-construct reasoning.","Generative activity creates new inferences; substantive dialogue can expose and jointly repair gaps beyond each participant's initial contribution.","note taking | concept mapping | self-explanation | discussion","classroom design | activity audit","A target cognitive product | Observable learner output | Interaction that is substantively co-constructive","Overt activity is only a proxy for cognitive engagement | The predicted ordering has caveats and depends on activity quality","Calling clicks active learning | Assuming any group work is interactive | Maximizing activity at the expense of knowledge or clarity","Learner-generated inference or co-construction; measure=Quality and novelty of notes, explanations, maps, dialogue uptake, and delayed learning; timing=During activity and on independent follow-up; caveat=Behavioral category alone does not establish mechanism or learning","hypothesis","moderate","Theory article integrates laboratory and classroom evidence but states an ordering hypothesis with limitations, not a universal causal law.","mixed-direct-and-inferential","Useful as an activity-audit lens; effects depend on domain, prompt, and interaction quality.","","experimental-only","Use to formulate observable design predictions and compare outcomes, not to rank every activity mechanically.","source:icap","","general | engagement | generation | hypothesis","inherited"
"pedagogy:instructed-second-language-acquisition","Explicit instruction in second language acquisition","principle","established","cognitive","world-language | multilingual","primary | middle | secondary | postsecondary | adult-workplace","explain | practice","unit-course","Explicit second-language instruction outperforms purely implicit exposure, and effects are durable, though measurement type strongly shapes apparent size.","Explicit attention to form helps learners notice features that comprehensible input alone leaves unnoticed, especially for non-salient structures.","grammar acquisition | language accuracy | language programme design","language classroom | self-study | adaptive software","Meaningful input and output opportunities alongside form focus | Targets that benefit from explicit attention","Effects are inflated by constrained response measures over free production | Explicit instruction complements rather than replaces meaningful use | Durability evidence is limited to available delayed post-tests","Grammar teaching with no communicative use | Judging success only on discrete-point tests | Assuming exposure alone suffices","Free production accuracy; measure=Free constructed response alongside constrained measures; timing=Immediately and at delay; caveat=Constrained measures overstate the effect substantially","strong","high","Landmark meta-analysis of instructed second-language acquisition showing large explicit-instruction advantages, moderated heavily by outcome measure type.","direct-intervention","Broad across languages and ages studied.","metric=d; value=1; note=Large average effects for explicit over implicit instruction, substantially smaller on free-response measures.","candidate-default-with-fit-check","Combine explicit form focus with meaningful use, and always report free-production outcomes.","source:norris-ortega | source:cefr","","principle | world-language | explanation | practice","new"
"pedagogy:instructional-coaching","Instructional coaching for practitioners","method","established","instructional-design | sociocultural","teacher-development | professional-workplace","adult-workplace","feedback | practice | transfer","program-system","Individualized, sustained coaching improves practice and, more modestly, learner outcomes; effects shrink substantially as programmes scale.","Observation plus individualized feedback on real practice closes the gap that workshop-based training leaves between knowing and doing.","practice improvement | professional development | implementation support","schools | workplace learning | professional development","Trained coaches with subject expertise | Regular observation cycles | Protected time and trust","Effects on learner outcomes are much smaller than on practice | Larger programmes show markedly smaller effects | Coach quality is the binding constraint at scale","Scaling and expecting pilot-sized effects | Coaching used as evaluation, which destroys trust | One-off workshops labelled as coaching","Practice change and learner outcomes, separately; measure=Observation-rubric change plus independent learner achievement, with programme size reported; timing=Across a year; caveat=Effects at pilot scale do not survive scaling","strong","high","Meta-analysis of teacher coaching finds large effects on instructional practice and smaller effects on achievement, with a clear scale-down pattern.","direct-intervention","Teacher development; the scaling caution is well documented.","metric=d; value=0.49; note=Effect on instructional practice; about 0.18 on student achievement, and smaller in larger programmes.","candidate-default-with-fit-check","Best-evidenced professional learning model; plan explicitly for the effect decay that comes with scale.","source:kraft-coaching | source:aero","","method | teacher-development | feedback | adult","new"
"pedagogy:intelligent-tutoring-systems","Intelligent tutoring systems","method","established","cognitive | instructional-design","mathematics | computing | science | digital-environments","middle | secondary | postsecondary | adult-workplace","practice | feedback | diagnose","unit-course","Software that tracks a learner model at step granularity and gives step-level guidance performs close to human tutoring and well above untutored practice.","Step-level feedback and hints operate at the granularity where the learner's error actually occurs, giving frequent interaction opportunities that answer-level systems miss.","procedural skill practice | problem solving with steps | self-paced remediation","adaptive software | classroom | homework systems","A domain decomposable into steps and knowledge components | A learner model and validated hint content | Classroom integration and teacher use of the data","Effects are strongest in well-structured domains | Interaction granularity matters more than the underlying AI technique | Implementation and teacher use explain much of the variance","Optimizing for in-session correctness rather than delayed learning | Hint abuse and gaming the system | Assuming a chat interface delivers step-level tutoring without a learner model","Learning relative to conventional practice; measure=Randomized or matched comparison on delayed independent assessment, plus hint-use and gaming detectors; timing=Across a unit; caveat=In-system mastery flags routinely overstate durable learning","strong","high","Convergent meta-analyses find ITS substantially better than no tutoring and roughly comparable to human tutoring, with step granularity as the key moderator.","direct-intervention","Well-structured domains, mostly mathematics, physics, and programming.","metric=g; value=0.66; note=Meta-analytic estimates versus conventional instruction commonly fall between 0.4 and 0.8.","candidate-default-with-fit-check","The most directly relevant precedent for an agentic tutoring runtime; the evidence is about step-level interaction, not about the technology label.","source:vanlehn-tutoring | source:kulik-fletcher-its | source:ma-its-meta","","method | adaptive | digital | feedback","new"
"pedagogy:interest-development","Four-phase interest development","theory","consolidating","motivational-social | developmental","general","primary | middle | secondary | postsecondary","motivate | sequence","unit-course","Interest develops from triggered situational interest through maintained situational interest into emerging and then well-developed individual interest, each phase needing different support.","Early phases depend on external triggers and meaningfulness; later phases are self-sustained by stored knowledge and value, so support must shift as interest deepens.","engaging reluctant learners | sustaining long-term study | subject choice","classroom | informal learning | adaptive software","A trigger with genuine content connection | Follow-up opportunities to deepen","Triggering is easy; maintaining is the hard part | Novelty triggers fade and can distract from content | Phase assignment is inferential","Using seductive details that trigger interest but harm learning | Assuming a triggered response indicates durable interest | Abandoning support once initial enthusiasm appears","Voluntary re-engagement; measure=Voluntary return, self-initiated questions, and knowledge growth over time; timing=Across weeks and months; caveat=One enthusiastic lesson is not interest development","context-dependent","moderate","A well-articulated developmental model supported by correlational and design studies rather than by controlled phase-transition experiments.","mixed-direct-and-inferential","Broad conceptual use; causal evidence is limited.","","contextual-option","Match support to phase and measure voluntary re-engagement; do not count a trigger as an outcome.","source:hidi-renninger | source:eccles-wigfield-2020","","theory | motivation | engagement | development","new"
"pedagogy:interleaving-discrimination","Interleaving for discrimination","tactic","consolidating","cognitive","general | mathematics","primary | middle | secondary | postsecondary | adult-workplace","practice | transfer","micro-move","Mix confusable categories or problem types so learners repeatedly choose the relevant concept or procedure.","Juxtaposition highlights discriminating features and practices strategy selection; part of the benefit may come from spacing.","category induction | problem-type selection | visual discrimination","practice set | review","Some initial knowledge of each category | Items whose comparison exposes a consequential distinction","Material type and similarity moderate outcomes | Blocked acquisition may precede mixed selection practice","Universalizing from math or visual categories to prose or vocabulary | Mistaking lower practice performance for lower learning","Correct discrimination and strategy selection; measure=Delayed classification, selected method, justification, and transfer; timing=After mixed practice and delay; caveat=Measure selection, not only execution after the category is named","context-dependent","high","Meta-analysis finds a positive average with large material moderators, including null or reversed domains.","direct-intervention","Best supported for visual categories and mathematics; not general for expository text or word learning.","","contextual-option","Use when the target is discrimination among confusable types and learners have initial footholds.","source:interleaving-meta | source:ies-study","","general | practice | discrimination | transfer","inherited"
"pedagogy:knowledge-and-comprehension","Background knowledge as a driver of comprehension","principle","established","cognitive","literacy | history-social-studies | science","primary | middle | secondary | postsecondary","explain | diagnose | sequence","unit-course","Topic knowledge substantially determines what a reader understands and remembers, and can outweigh general reading skill on knowledge-dependent texts.","Existing schemas fill inferential gaps that texts always leave, so a knowledgeable weak decoder can outperform a knowledge-poor strong decoder on that topic.","comprehension instruction | curriculum sequencing | assessment interpretation","classroom | curriculum design | assessment","Coherent knowledge-building curriculum | Texts that build on prior units","Comprehension is not a generic transferable skill | Standardized comprehension scores partly measure topic familiarity | Knowledge takes sustained curricular time to build","Endless generic strategy practice in place of knowledge | Interpreting a comprehension score as a fixed reading ability | Assuming a topic-specific result generalizes","Comprehension by topic familiarity; measure=Same-format comprehension on familiar and unfamiliar topics; timing=Across texts; caveat=A comprehension score is partly a knowledge score","strong","high","Classic experimental demonstration plus consistent findings in evidence-rated comprehension guidance emphasizing knowledge alongside strategies.","direct-intervention","Broad; the size of the knowledge advantage depends on how knowledge-dependent the text is.","","candidate-default-with-fit-check","Build knowledge deliberately, and interpret comprehension scores as partly topic-dependent.","source:recht-leslie | source:reading-comprehension-wwc | source:castles-reading-wars","","principle | literacy | knowledge | comprehension","new"
"pedagogy:knowledge-component-model","Knowledge-Learning-Instruction (knowledge component) framework","framework","consolidating","cognitive | instructional-design","general | digital-environments","cross-lifespan","sequence | diagnose | practice","unit-course","Decompose a domain into knowledge components, then match each component's type to the learning process and instructional method that actually serves it.","Different component types (facts, rules, principles) are acquired by different processes (memory and fluency, induction and refinement, sense-making), so instruction should be chosen per component rather than per topic.","curriculum decomposition | learner modeling | adaptive practice design","adaptive software | intelligent tutoring | curriculum design","A decomposable domain | Item-level performance data | A way to attribute items to components","Component granularity is a modeling choice that changes conclusions | Poorly specified components produce confidently wrong learner models | Not every valued outcome decomposes cleanly","Fragmenting a coherent practice into meaningless atoms | Treating a fitted model as the learner's actual mind | Optimizing component mastery while losing the whole task","Component-level learning curves; measure=Error rate by opportunity count per component, plus model fit comparison; timing=Across repeated opportunities; caveat=A good curve fit does not validate the component definition","context-dependent","moderate","A well-specified framework with substantial supporting work in tutoring systems; it organizes evidence rather than being a single intervention effect.","mixed-direct-and-inferential","Best evidenced in well-structured domains such as mathematics and programming.","","contextual-option","The natural bridge from a knowledge rack to a working graph; adopt the decomposition discipline, and keep component definitions revisable.","source:kli-framework | source:kulik-fletcher-its","","framework | knowledge | adaptive | modeling","new"
"pedagogy:l2-corrective-feedback","Corrective feedback in second-language learning","tactic","established","cognitive | sociocultural","world-language | multilingual","primary | middle | secondary | postsecondary | adult-workplace","feedback | practice","micro-move","Corrective feedback benefits second-language accuracy, with explicit feedback showing larger immediate effects and implicit feedback holding up better over time.","Feedback marks a gap between output and target form; explicitness determines whether the learner notices it, while depth of processing affects durability.","accuracy development | speaking practice | writing correction","language classroom | tutoring | adaptive software","Output the learner actually produces | An opportunity to reformulate","Explicit and implicit forms show different time courses | Overcorrection can suppress production | Most studies are short-term with laboratory-like tasks","Correcting every error and reducing willingness to speak | Judging by immediate post-test only | Ignoring learner affect in public correction","Uptake and durable accuracy; measure=Reformulation rate plus delayed accuracy in free production; timing=Immediately and after weeks; caveat=Immediate uptake does not predict durable change","strong","moderate","Meta-analysis finds a medium overall effect for corrective feedback with a differential time course for explicit versus implicit types.","direct-intervention","Instructed second-language settings; mostly short interventions.","metric=d; value=0.6; note=Medium overall effect; explicit types larger immediately, implicit types more durable.","contextual-option","Select feedback explicitness by target and stage, protect willingness to communicate, and measure at delay.","source:li-corrective-feedback | source:hattie-timperley-feedback","","tactic | world-language | feedback | practice","new"
"pedagogy:learner-knows-best","Assuming learners are the best judges of their own instruction","anti-pattern","established","cognitive","general | digital-environments","cross-lifespan","assess | self-regulate","program-system","Learners' preferences and self-assessments are poor guides to what will produce learning, because the conditions that feel best often produce the least durable results.","Preference tracks fluency and comfort, and the manipulations that improve long-term retention reliably reduce both during learning.","course evaluation | product design decisions | study strategy choice","higher education | product design | workplace learning","None; this is a screening criterion","Learner voice matters for legitimacy, access, and equity even where it is a poor guide to method effectiveness | The point concerns judgments of instructional effectiveness, not learners' rights or preferences generally","Optimizing a product for satisfaction and losing learning | Dropping effective methods because ratings fell | Dismissing learner concerns about access and fairness by citing this finding","Satisfaction and learning measured separately; measure=Course or product satisfaction alongside delayed independent learning measures; timing=Each cycle; caveat=The two can and do move in opposite directions","strong","high","Direct experimental demonstration that perceived learning diverges from measured learning, plus reviews of learner misjudgment of study effectiveness.","direct-intervention","Demonstrated in higher education and laboratory settings.","","avoid","Never use satisfaction as a learning metric; do continue to take learner voice seriously on access, fairness, and workload.","source:deslauriers-feeling | source:kirschner-urban-legends | source:soderstrom-bjork","","anti-pattern | measurement | warning | metacognition","new"
"pedagogy:learning-strategy-model","Strategy selection by phase of learning","framework","emerging","cognitive | instructional-design","general","primary | middle | secondary | postsecondary | adult-workplace","sequence | practice | self-regulate","unit-course","The effectiveness of a learning strategy depends on whether the learner is acquiring surface knowledge, consolidating deep relations, or attempting transfer.","Strategies that build initial representations differ from those that relate ideas or that cue application, so a strategy's average effect hides a phase interaction.","study strategy recommendation | instructional sequencing","study strategies | adaptive software | classroom | coaching","A judgment of the learner's current phase for this content | More than one strategy available","Phase is content-specific, not a learner trait | Phase boundaries are fuzzy and rarely measured directly | The synthesis draws on meta-analytic averages with heterogeneous quality","Assigning a learner a permanent 'surface learner' label | Recommending transfer strategies before any knowledge exists | Treating the model as validated causal sequencing","Strategy-phase fit; measure=Compare strategy effectiveness against a current-knowledge diagnostic; timing=Before and after strategy change; caveat=An ineffective strategy may reflect wrong phase, not a bad strategy","hypothesis","low","A synthesizing model over strategy meta-analyses; the phase interaction is plausible and useful but not established as a causal sequencing rule.","mixed-direct-and-inferential","Proposed as general; evidence is indirect.","","experimental-only","Good hypothesis generator for what to recommend next; must be tested against learner evidence, not assumed.","source:hattie-donoghue-model | source:dunlosky-techniques","","framework | strategy | sequence | hypothesis","new"
"pedagogy:learning-styles-matching","Learning-styles matching","anti-pattern","deprecated","cognitive","general","cross-lifespan","diagnose","program-system","Do not classify learners into modality styles and match instruction to the preferred mode as a learning policy.","Preferences are real, but the claimed aptitude-by-treatment interaction needed to justify matching has not been demonstrated.","instructional design","all learning environments","None; select representation by content, goal, and accessibility instead","Learner preferences can inform comfort or choice but not causal learning claims","Stable labeling | Narrowing opportunities | Confusing accessibility needs with preferences | Misallocating design effort","Required style-by-method crossover interaction; measure=Randomized comparison of matched and mismatched instruction with objective learning outcomes; timing=After instruction and delay; caveat=Preference surveys or main effects of one format do not test the meshing hypothesis","refuted","high","Authoritative review found virtually no evidence meeting the required interaction standard and some contradictory results.","mixed-direct-and-inferential","The common meshing claim is unsupported across educational settings.","","avoid","Route by content affordance, current evidence, and accessibility—not a learner-style label.","source:learning-styles","","anti-pattern | representation | learner-traits | refuted","inherited"
"pedagogy:learning-trajectories","Learning trajectories","framework","consolidating","developmental | instructional-design","mathematics | science","preschool | primary | middle","diagnose | sequence","unit-course","A learning trajectory pairs a goal with an empirically grounded developmental progression and matched instructional tasks for each level.","Knowing the typical next level lets an adult select a task just beyond the observed level rather than at an assumed grade level.","curriculum sequencing | formative routing | task selection","classroom | preschool | adaptive software | curriculum design","An empirically derived progression for the topic | Observation of the learner's current level | Tasks matched to each level","Progressions are typical paths, not required or universal ones | They exist for relatively few topics | Levels are inferred from behaviour, not measured directly","Converting a trajectory into a fixed developmental gate | Treating an off-path learner as deficient | Assuming a trajectory validated in one population holds everywhere","Movement along the progression; measure=Level-diagnostic tasks administered repeatedly with error analysis; timing=Every few weeks; caveat=Level assignment is an inference and should be revisited","context-dependent","moderate","Extensively developed and evaluated in early mathematics, and endorsed in evidence-rated early-mathematics guidance; coverage outside mathematics is thin.","mixed-direct-and-inferential","Strongest in early mathematics.","","contextual-option","Navigate from observed level rather than age, and keep the progression revisable rather than gating on it.","source:clements-trajectories | source:early-math-wwc | source:early-math-nrc","","framework | mathematics | sequence | progression","new"
"pedagogy:learning-vs-performance","Learning versus performance distinction","principle","established","cognitive","general | assessment-measurement","cross-lifespan","assess | consolidate","unit-course","Performance during instruction is a poor and sometimes inverted proxy for durable learning, so evaluation must be delayed and transfer-oriented.","Current performance reflects momentary retrieval support and cueing; durable learning is a relatively permanent change observable when that support is withdrawn.","instructional evaluation | practice design | learner self-monitoring","classroom | adaptive software | workplace learning | product analytics","A delayed or transfer measure | A defined retention horizon","Requires deferred measurement, which costs time | Learners and instructors both misread fluency as mastery","Optimizing a tutoring product for in-session success metrics | Declaring mastery from immediate post-tests | Removing effective practice because it looks inefficient","Retention and transfer after support is removed; measure=Delayed unassisted assessment and transfer items; timing=Days to weeks after instruction; caveat=Immediate gains can vanish or reverse at delay","strong","high","Explicit review of decades of experiments showing dissociations between acquisition performance and retention or transfer.","direct-intervention","Broad across cognitive and motor domains.","","candidate-default-with-fit-check","Treat as a measurement rule for any adaptive system: never let an in-session signal alone certify learning.","source:soderstrom-bjork | source:bjork-self-regulated","","principle | measurement | retention | warning","new"
"pedagogy:literacy-phoneme-grapheme","Explicit phoneme-grapheme mapping","tactic","established","cognitive | behavioral","literacy","preschool | primary | middle","explain | practice","lesson","Explicitly connect speech segments to letters and practice blending, segmenting, decoding, and encoding.","Stable mappings between phonemes and graphemes support accurate decoding of unfamiliar words and spelling rather than contextual guessing.","beginning reading | word reading | spelling","classroom | intervention | multilingual literacy","Access to oral language in a known language | Explicit cumulative sequence | Practice connected to print","Pair code instruction with oral language, knowledge, fluency, and comprehension | Adapt for language and disability access","Isolating oral phoneme drills indefinitely from print | Treating decoding as complete reading instruction | Guessing from pictures or context as a decoding substitute","Accurate mapping and transfer to unfamiliar print; measure=Segmentation, blending, letter-sound accuracy, pseudoword or unfamiliar-word reading, spelling, and error-type shift; timing=Across cumulative lessons and on novel words; caveat=Memorized word lists can mask weak decoding","strong","high","IES/WWC evidence-rated foundational-reading practice guide.","direct-intervention","Beginning readers and older learners with decoding gaps; language system and learner needs matter.","","candidate-default-with-fit-check","Use explicit cumulative mapping when diagnostic evidence indicates an alphabetic decoding need.","source:literacy-wwc","","literacy | reading | decoding | early-primary","inherited"
"pedagogy:mastery-learning","Mastery learning","method","established","behavioral | instructional-design","general | mathematics | professional-workplace","primary | middle | secondary | postsecondary | adult-workplace","sequence | feedback | assess","unit-course","Hold the criterion constant and let time vary: learners receive formative checks, corrective instruction, and re-assessment until a defined standard is met before moving on.","Frequent criterion checks plus targeted correctives prevent unremediated gaps from compounding into later failure.","hierarchical skill sequences | certification | prerequisite-heavy content","classroom | adaptive software | competency-based programs | clinical training","A defensible mastery criterion | Genuinely different corrective instruction, not just repetition | Flexible time and alternative assessment forms","Requires slack time, which fixed-pace systems rarely have | Effects shrink when correctives are only re-presentation | Criterion setting is a validity judgment, not a technical default","Endless re-testing that becomes attrition by another name | Gaming the criterion with near-identical retest items | Fragmenting a subject into checkbox micro-objectives","Criterion attainment with transfer retained; measure=Mastery rate, attempts to mastery, and delayed transfer performance; timing=Per unit and cumulatively; caveat=Rising mastery rates can reflect easier retests","context-dependent","moderate","Meta-analytic evidence of positive average effects, with strong dependence on corrective quality, criterion setting, and implementation.","direct-intervention","Strongest in hierarchical domains and in mastery-based professional training.","metric=d; value=0.5; note=Meta-analytic averages vary widely by implementation; treat as a range, not a constant.","contextual-option","Strong fit for prerequisite-heavy content when correctives genuinely differ and the criterion is defensible.","source:kulik-mastery | source:mcgaghie-simulation | source:bloom-two-sigma","","method | sequence | assessment | adaptive","new"
"pedagogy:math-and-test-anxiety","Mathematics and test anxiety","construct","established","cognitive | motivational-social","mathematics | assessment-measurement | general","primary | middle | secondary | postsecondary | adult-workplace","diagnose | climate | assess","unit-course","Anxiety consumes working memory during performance and produces avoidance over time; it is reciprocally related to achievement rather than simply caused by it.","Intrusive worry occupies the same limited working memory that the task needs, and avoidance reduces the practice that would build competence.","mathematics performance | timed testing | avoidance patterns","classroom | assessment | tutoring | adaptive software","Measurement distinguishing anxiety from low competence","The relation is bidirectional; correcting only one side is insufficient | Effects are strongest for working-memory-intensive problems | Timed high-stakes formats amplify it","Reading anxious underperformance as missing knowledge | Timed drills that entrench avoidance | Adults transmitting their own anxiety to learners","Performance gap between anxious and low-pressure conditions; measure=Same-content performance under timed and untimed conditions plus validated anxiety measures; timing=Across conditions; caveat=A single low score cannot distinguish anxiety from missing knowledge","strong","high","Consistent experimental evidence on working-memory interference plus a large meta-analysis establishing a robust negative association across ages.","mixed-direct-and-inferential","Broad, established from primary school through adulthood.","metric=r; value=-0.28; note=Meta-analytic association between math anxiety and math achievement.","candidate-default-with-fit-check","Always consider anxiety as an alternative explanation for underperformance before inferring a knowledge gap.","source:ashcraft-krause | source:barroso-math-anxiety","","construct | mathematics | assessment | learner-evidence","new"
"pedagogy:math-strategy-comparison","Mathematical strategy and error comparison","tactic","consolidating","cognitive","mathematics","middle | secondary","transfer | explain","lesson","Compare correct, incomplete, or incorrect solutions and alternative strategies to make structural decisions and errors explicit.","Side-by-side comparison directs attention to when and why a method works and can build procedural flexibility and diagnostic reasoning.","algebra | problem solving | error diagnosis","worked-example discussion | small group | practice set","Enough baseline knowledge to understand candidate strategies | Prompts requiring explanation | Subsequent independent solving","Use active comparison rather than passive inspection | Match complexity to prior knowledge","Mixed or negative effects for learners without baseline knowledge | Confusing exposure to an error with understanding it | Overloading novices with too many methods","Flexible, justified method choice and error repair; measure=Detect and correct error, generate another solution, select an efficient first step, justify choice, and transfer; timing=After comparison and on a new problem; caveat=Gains may appear in flexibility without uniform concept or procedure gains","context-dependent","moderate","IES algebra guide rates multiple-strategy comparison moderate; solved-problem analysis evidence is minimal and mixed.","direct-intervention","Best after initial procedural footholds in algebra and related mathematics.","","contextual-option","Retrieve after diagnosing sufficient baseline knowledge and require explanation plus independent transfer.","source:algebra-wwc | source:worked-examples-meta","","mathematics | comparison | error | flexibility","inherited"
"pedagogy:math-systematic-representations","Systematic mathematical language and representation","tactic","established","cognitive | instructional-design","mathematics","primary | middle","explain | practice","lesson","Use explicit cumulative instruction to link precise mathematical language, quantities, selected visual or concrete models, and symbols.","Stable mappings among language, quantity, diagrams, and notation reduce ambiguity and build both conceptual and procedural access.","arithmetic | fractions | word problems | algebra readiness","core instruction | targeted intervention","Diagnosis of the current mathematical bottleneck | A coherent limited representation set | Modeled and guided practice","Explain how each representation maps to the abstraction | Fade models when independent reasoning is ready","Too many competing models | Manipulatives becoming procedures without meaning | Language demands hiding mathematical knowledge","Conceptual and procedural mapping across forms; measure=Explanation, translation among representations, procedural accuracy, and generalization; timing=During intervention and on a novel representation; caveat=Successful manipulation without explaining the mathematical relation is insufficient","strong","high","IES/WWC rates systematic instruction, mathematical language, and selected representations strongly for elementary intervention.","direct-intervention","Elementary learners struggling with mathematics; adapt model and language to content.","","candidate-default-with-fit-check","Use a coherent representation system tied explicitly to language, symbols, and independent reasoning.","source:math-intervention-wwc | source:ies-study","","mathematics | representation | intervention | language","inherited"
"pedagogy:mathematical-proficiency-strands","Five strands of mathematical proficiency","framework","established","instructional-design | cognitive","mathematics","primary | middle | secondary","sequence | assess","program-system","Mathematical proficiency is an interwoven set of five strands, so a curriculum that develops only fluency or only understanding is incomplete by definition.","The strands are mutually dependent: strategic competence needs fluency to be feasible and understanding to be selective, and disposition governs whether either is exercised.","curriculum evaluation | assessment blueprinting | goal setting","curriculum design | assessment design | teacher education","Assessment that can reach more than one strand","It is a consensus framework, not an intervention with an effect size | Strands are hard to assess separately | Productive disposition is rarely measured at all","Claiming curricular quality from framework alignment | Assessing only the two easiest strands | Using it as a slogan rather than an audit tool","Coverage across strands; measure=Assessment blueprint mapped to all five strands with evidence for each; timing=At curriculum review; caveat=Alignment to a framework is not evidence of learning","normative-standard","high","National Research Council consensus synthesis of mathematics learning; a definitional framework rather than a causal claim.","consensus-design","Widely adopted in mathematics education policy and curriculum.","","contextual-option","Use as a coverage audit for mathematics goals and assessments, not as evidence of effectiveness.","source:adding-it-up | source:early-math-nrc","","framework | mathematics | curriculum | assessment","new"
"pedagogy:metacognitive-calibration","Metacognitive calibration and self-regulation","framework","consolidating","cognitive","general","middle | secondary | postsecondary | adult-workplace","self-regulate","unit-course","Teach learners to plan, monitor against evidence, select or change strategies, and evaluate outcomes.","More accurate monitoring supports better allocation of effort, strategy choice, and help seeking across a learning cycle.","independent study | complex problem solving | long projects","classroom | online learning | workplace","Concrete domain strategies | Models and guided practice before independent regulation | External performance evidence","Use delayed or performance-grounded judgments | Fade generic prompts when learners internalize the cycle","Equating confidence with calibration | Generic reflection that adds load | Assuming novices can self-direct without knowledge","Monitoring accuracy and adaptive control; measure=Predicted-versus-actual performance, logged strategy changes, help seeking, and delayed outcome; timing=Before, during, and after a task; caveat=Self-report alone does not establish regulation or learning","context-dependent","moderate","Meta-analyses support explicit metacognitive strategy instruction, while transfer and prompt effects vary.","direct-intervention","Across school and adult learning, contingent on domain knowledge and explicit strategy instruction.","","contextual-option","Use concrete, domain-grounded cycles tied to objective evidence rather than free-form reflection.","source:metacognition-meta | source:ies-study | source:hpl2","","general | metacognition | self-regulation | adult","inherited"
"pedagogy:metacognitive-monitoring-accuracy","Monitoring accuracy and overconfidence","construct","established","cognitive","general","middle | secondary | postsecondary | adult-workplace","self-regulate | diagnose","micro-move","Learners are systematically overconfident about what they have learned, and the cues they use for judging learning are usually the wrong ones.","Judgments rely on processing fluency, which is inflated by rereading and by the presence of the material, so easy processing is misread as durable knowledge.","study decisions | self-assessment | restudy allocation","study strategies | adaptive software | coaching","An external performance measure to calibrate against | Delayed rather than immediate judgments","Immediate judgments are strongly inflated; delayed judgments are far better | Learners resist strategies that feel harder despite better outcomes | Confidence ratings alone are not a learning measure","Letting learners choose study strategies on felt fluency | Using self-rated understanding as a mastery signal | Reinforcing overconfidence with easy in-session success","Calibration gap; measure=Confidence judgments paired with delayed performance, reported as calibration error; timing=After a delay; caveat=A confident learner can be the least accurate one","strong","high","A large replicated literature on judgment-of-learning inaccuracy and fluency-based misattribution.","direct-intervention","Robust across ages and materials studied.","","candidate-default-with-fit-check","Never let self-rated understanding gate progression; ground monitoring in delayed external performance.","source:dunlosky-rawson-overconfidence | source:bjork-self-regulated | source:soderstrom-bjork","","construct | metacognition | measurement | warning","new"
"pedagogy:minimal-guidance-instruction","Minimally guided instruction for novices","anti-pattern","consolidating","cognitive","general | science | mathematics","cross-lifespan","explain | practice","lesson","Instruction that withholds guidance while novices search for solutions is less effective than guided instruction, and can leave misconceptions unchallenged.","Novices lack the schemas that make search productive, so unguided problem solving consumes working memory on search rather than on learning.","method selection for novices | curriculum design","classroom | laboratory | adaptive software","None; this is a screening criterion","The critique targets minimal guidance, not inquiry or problem-based approaches that include guidance | Learners with high prior knowledge can benefit from reduced guidance | Deliberate short generation phases followed by instruction are a different and supported design","Reading this as an argument against all inquiry | Reading the counterargument as licence to withhold guidance | Applying a single guidance level to all learners","Guidance level recorded and matched to prior knowledge; measure=Record what guidance was provided and analyse outcomes by prior-knowledge band; timing=Per activity; caveat=Studies that do not report guidance level cannot settle this question","refuted","high","A major critique supported by discovery-learning meta-analysis showing unassisted discovery underperforms explicit instruction, while enhanced and guided discovery outperform both.","direct-intervention","Robust for novices; the picture changes with expertise.","","avoid","Never withhold guidance from novices; make guidance level an explicit, recorded, prior-knowledge-dependent design decision.","source:kirschner-minimal-guidance | source:alfieri-discovery | source:lazonder-harmsen","","anti-pattern | refuted | novice | scaffolding","new"
"pedagogy:montessori-education","Montessori education","method","consolidating","constructivist | developmental","general","preschool | primary","sequence | motivate | practice","program-system","Classic Montessori shows some positive academic and social outcomes, but studies vary in quality and in how faithfully the method is implemented.","Child-chosen work with self-correcting materials in mixed-age classrooms is intended to combine agency with structured progression.","early years programme choice | self-directed learning environments","preschool | primary school","Fidelity to the classic materials and structure | Trained teachers | Mixed-age grouping","Implementation varies enormously under an unprotected name | Selection effects are strong in non-randomized studies | Supplemented versions show weaker results than classic implementations","Generalizing from lottery-based studies in atypical settings | Assuming the label guarantees the method | Ignoring access and cost inequities","Outcomes with fidelity documented; measure=Academic and social measures plus an implementation-fidelity audit; timing=Across programme years; caveat=Programme name alone tells you nothing about what happened","context-dependent","low","A systematic review finds generally positive but heterogeneous evidence, with quality and fidelity limitations across studies.","direct-intervention","Preschool and primary; heavily dependent on implementation.","","contextual-option","Evaluate the specific implementation, not the label; require fidelity documentation before citing the evidence.","source:lillard-montessori | source:weisberg-guided-play","","method | early-childhood | play | agency","new"
"pedagogy:motivation-need-support","Motivation through autonomy, competence, belonging, and purpose","principle","established","motivational-social","general","cross-lifespan","motivate | climate","unit-course","Offer meaningful bounded choice, achievable challenge with structure, progress evidence, relational safety, and valued purpose.","Support for autonomy, competence, and relatedness can promote more autonomous regulation, engagement, and persistence.","sustained learning | challenge | self-directed work","classroom | online | workplace","Real rather than illusory choices | Clear structure and competence-building support | Emotionally safe climate","Measure motivation and achievement separately | Attend to culture, identity, and context","Equating autonomy with no guidance | Forced choice | Treating motivation as a fixed learner trait | Assuming engagement guarantees learning","Autonomous engagement with learning progress; measure=Choice rationale, persistence, help seeking, need satisfaction, belonging, and objective performance; timing=Across a sequence, not one task; caveat=Self-reported enjoyment is a proximal outcome, not achievement","context-dependent","moderate","Intervention meta-analysis and National Academies consensus support need-supportive design, with heterogeneous and sometimes nonsignificant outcomes.","mixed-direct-and-inferential","Across ages, but effects and culturally meaningful enactments vary.","","contextual-option","Combine choice with structure, feedback, belonging, and actual opportunities to build competence.","source:motivation-meta | source:hpl2 | source:adolescent-nasem","","motivation | belonging | agency | culture","inherited"
"pedagogy:multi-tiered-support","Responsive intervention tiers (RTI/MTSS)","framework","consolidating","instructional-design | psychometric | critical-equity","special-education | literacy | mathematics | general","primary | middle | secondary","diagnose | sequence | access","program-system","A tiered framework where universal instruction, targeted support, and intensive intervention are allocated by response data rather than by category labels.","Screening plus progress monitoring routes support by demonstrated need and response, allowing earlier intervention than referral-based models.","support allocation | early intervention | eligibility processes","school systems | intervention","Strong universal instruction at tier one | Valid screening and progress monitoring | Actual capacity to deliver intensive support","Weak tier-one instruction makes the whole system a referral pipeline | Implementation quality varies enormously | Using response data for disability identification remains technically contested","Tiers used to delay evaluation and services | Disproportionate placement by group | Monitoring without changing instruction","Response and equity of placement; measure=Progress-monitoring response rates plus tier placement disaggregated by group; timing=Termly; caveat=Tier movement without instructional change indicates a process, not a support system","context-dependent","moderate","A widely adopted framework with a substantial measurement base and ongoing technical debate about identification use.","mixed-direct-and-inferential","Mostly United States school systems.","","contextual-option","Only meaningful with strong universal instruction and real intervention capacity; audit placement for disproportionality.","source:fuchs-rti | source:deno-cbm | source:reading-intervention-wwc","","framework | intervention | equity | assessment","new"
"pedagogy:multilingual-programme-models","Programme models for multilingual learners","framework","consolidating","sociocultural | critical-equity","multilingual | literacy | science | mathematics","preschool | primary | middle | secondary","access | sequence | explain","program-system","Multilingual learners benefit when their home language is treated as an asset and when academic content is not delayed for language acquisition.","Home-language knowledge transfers to the new language, and content learning and language learning develop together rather than sequentially.","programme design | content plus language integration | assessment of multilingual learners","classroom | school systems | assessment","Home-language information for each learner | Teachers prepared for integrated content and language work | Assessment in a language the learner can access","Programme model comparisons are confounded by implementation and policy | Language proficiency and content knowledge must be assessed separately | Local policy often constrains available models","Delaying grade-level content until language is 'ready' | Misdiagnosing language barriers as learning disabilities | Treating multilingualism as a deficit","Content learning and language growth, separately; measure=Content assessment with language support plus separate language proficiency measures; timing=Across years; caveat=A single English-medium test confounds content knowledge with language proficiency","strong","moderate","National consensus reports on multilingual learners plus evidence-rated practice guidance for teaching academic content and literacy to English learners.","consensus-design","Strongest evidence base is United States English-learner policy contexts.","","candidate-default-with-fit-check","Keep content at grade level with language support, and never let an English-medium score stand as a content measure.","source:english-learners-nasem | source:el-stem-nasem | source:ell-wwc","","framework | multilingual | equity | access","new"
"pedagogy:multimedia-coherence","Coherent multimedia and integrated representations","principle","consolidating","cognitive | instructional-design","general | digital-environments","cross-lifespan","explain | access","lesson","Combine words and relevant graphics when both serve the target relation, integrate references spatially or temporally, and remove seductive or redundant material.","Complementary representations can support selection, organization, and integration while coherent layout reduces avoidable search and split attention.","process explanation | spatial relation | system model","slides | interactive media | textbook | simulation","A target relation that benefits from depiction | Accessible alternatives for visual and auditory content","Representation choice must follow content and access needs, not a learner-style label | Signal relations explicitly","Decorative media | Narrating identical dense on-screen text | Assuming more modalities always help","Accurate integration across representations; measure=Explanation, diagram-text mapping, retention, transfer, and access-barrier report; timing=After learning and on a novel representation; caveat=Preference for a format is not evidence that it improves learning","context-dependent","moderate","Evidence-rated institutional guidance supports graphics with verbal descriptions, with cognitive-load and accessibility boundary conditions.","direct-intervention","Strongest when visuals depict relevant structure and are coherently integrated.","","contextual-option","Use content-appropriate, coherent, accessible representations rather than modality matching.","source:ies-study | source:cognitive-load | source:wcag22","","representation | multimedia | accessibility | cognitive-load","inherited"
"pedagogy:multimedia-learning-theory","Cognitive theory of multimedia learning","theory","consolidating","cognitive | instructional-design","general | digital-environments","cross-lifespan","explain | access","lesson","Learners process words and pictures in separate limited channels and learn best when instruction helps them select, organize, and integrate both.","Dual channels plus limited capacity plus active processing imply that extraneous material competes with the integration that produces understanding.","explanatory media design | animation and narration | slide and text design","instructional materials | video | adaptive software | interfaces","Content with a spatial or causal structure worth depicting | Learner access to both channels or an equivalent alternative","Most principles are established in short laboratory lessons with novices | Several principles reverse with expertise | Channel assumptions must never be applied to individual learners as styles","Applying principles as universal rules regardless of content | Stripping media that carried real meaning | Confusing engagement ratings with learning","Comprehension and transfer from the material; measure=Retention plus transfer items keyed to the depicted structure; timing=Immediately and after a delay; caveat=Liking the media does not track learning from it","context-dependent","moderate","Many replicated short-lesson experiments with meaningful boundary conditions and expertise reversals.","direct-intervention","Strong for novice learners and brief explanatory materials; weaker for long authentic courses.","","contextual-option","Apply per principle with a fit check on learner expertise and content, not as a global style guide.","source:mayer-moreno-load | source:mayer-multimedia-2017 | source:ginns-modality","","theory | multimedia | representation | design","new"
"pedagogy:multiple-intelligences-matching","Multiple intelligences as an instructional matching policy","anti-pattern","deprecated","cognitive | psychometric","general","cross-lifespan","diagnose","program-system","Multiple intelligences lacks the empirical support required to justify categorizing learners or matching instruction to a supposed dominant intelligence.","The theory's proposed independent intelligences are not supported by the cognitive and psychometric evidence, so matching has no mechanism to operate through.","learner categorization | instructional matching | curriculum design claims","classroom | teacher education | product evaluation","None; this is a screening criterion","Rejecting matching does not mean rejecting varied representations, which have their own separate rationale | The theory remains popular and is often conflated with valuing diverse strengths","Labelling learners by intelligence type | Reduced curriculum access based on a label | Time spent producing eight versions of every activity","Justification independent of the label; measure=Require a content-based rationale for any representational choice; timing=At planning; caveat=Varying representations is fine; matching learners to types is not","refuted","high","Critical review finds the theory lacks supporting empirical evidence for independent intelligences or for instructional matching.","mixed-direct-and-inferential","The critique is theory-level.","","avoid","Never classify learners by intelligence type; choose representations by content and access instead.","source:waterhouse-mi-critique | source:learning-styles | source:willingham-learning-styles","","anti-pattern | refuted | learner-traits | warning","new"
"pedagogy:music-chess-far-transfer","Music and chess training for general cognitive gains","anti-pattern","deprecated","cognitive","music | arts | general","preschool | primary | middle | secondary","transfer","program-system","Music training does not produce meaningful transfer to cognitive or academic skills once study quality is accounted for; the same pattern holds for chess.","Apparent effects come from selection, expectancy, and low-quality designs; there is no general cognitive faculty for such training to strengthen.","arts programme justification | curriculum advocacy | claims review","school systems | policy | enrichment programmes","None; this is a screening criterion","The refutation concerns transfer claims, not the value of music or arts education itself | Effects approach zero as design quality rises | Correlational studies remain heavily confounded by family background","Defending arts education on a false transfer premise, which collapses when challenged | Cutting arts when the transfer claim fails | Marketing enrichment programmes on cognitive gains","Transfer under high-quality design; measure=Randomized active-control designs with independent cognitive measures; timing=Post-programme; caveat=Effect size declines toward zero as design quality increases","refuted","high","Multilevel meta-analysis finds music training effects on cognitive and academic outcomes are negligible, with effect size inversely related to design quality.","direct-intervention","Children and adolescents across many studies.","metric=g; value=0; note=Approximately zero in high-quality designs.","avoid","Justify arts and music on their intrinsic and cultural merits; never on cognitive transfer.","source:sala-gobet-music | source:simons-brain-training","","anti-pattern | refuted | arts | transfer","new"
"pedagogy:neuromyths","Neuromyths in education","anti-pattern","deprecated","neuroscience | cognitive","general | teacher-development","cross-lifespan","diagnose","program-system","Beliefs such as learning styles, left- versus right-brained learners, and VAK matching are widely held by educators and are not supported by neuroscience.","Plausible-sounding neuroscience vocabulary attached to intuitive folk psychology spreads faster than the evidence that contradicts it.","professional development content | product claims review | curriculum vetting","teacher education | product evaluation | school systems","None; this is a screening criterion","Prevalence is high even among teachers with general neuroscience knowledge | Debunking alone changes belief slowly | Some myths contain a kernel of real findings misapplied","Instructional time spent on ineffective matching | Neuroscience language lending false authority to products | Learners internalizing a false self-label","Claim traceable to evidence; measure=Trace every brain-based claim to a primary source and check the inference; timing=At adoption review; caveat=Neuroscience vocabulary in marketing is a warning sign, not a credential","refuted","high","Surveys document high prevalence among teachers, and reviews establish that the core claims lack neuroscientific support.","mixed-direct-and-inferential","Documented across many countries.","","avoid","Screen out at adoption; treat neuroscience framing in educational products as a claim to verify, not evidence.","source:dekker-neuromyths | source:howard-jones-neuromyths | source:learning-styles","","anti-pattern | refuted | warning | teacher-development","new"
"pedagogy:note-taking","Note-taking format and generative processing","tactic","disputed","cognitive","general","secondary | postsecondary | adult-workplace","consolidate | self-regulate","micro-move","Notes help most when they require selection and paraphrase rather than verbatim capture; the specific claim that longhand beats typing has not replicated reliably.","Selecting and rephrasing forces processing during encoding and produces a better external record for later retrieval practice.","lecture learning | reading study | meeting and training capture","higher education | classroom | workplace learning","Time to review the notes later | Enough background to select what matters","Medium matters less than the processing it induces | Original longhand-versus-laptop findings failed to replicate at scale | Note quality depends on prior knowledge","Banning devices on the strength of a non-replicated finding | Creating a transcript that is never revisited | Accessibility harm when handwriting is mandated","Paraphrase rate and later retrieval; measure=Note coding for verbatim versus paraphrase plus delayed test performance; timing=During and after study; caveat=Longer notes are not better notes","contested","moderate","The influential longhand-advantage experiment failed to replicate in a large direct replication; the general generative-processing account remains supported.","direct-intervention","Higher education lecture settings dominate the evidence.","","do-not-generalize","Recommend generative note-taking and later review; do not issue a handwriting-versus-typing mandate, which also raises accessibility problems.","source:mueller-oppenheimer | source:morehead-replication | source:dunlosky-techniques","","tactic | contested | consolidation | accessibility","new"
"pedagogy:one-to-one-tutoring","One-to-one and small-group tutoring","method","established","cognitive | sociocultural","general | literacy | mathematics","primary | middle | secondary | postsecondary","diagnose | practice | feedback | climate","program-system","Sustained tutoring by a trained tutor with a small ratio, aligned to the curriculum and scheduled during the day, is among the best-evidenced interventions available.","A tutor can diagnose the specific gap, adapt within seconds, keep the learner responding continuously, and sustain a relationship that supports effort.","gap remediation | foundational skills | accelerated support","one-to-one | small group | school day | intervention","Trained tutors with materials | Curriculum alignment | Consistent scheduling and attendance","Effects depend heavily on dosage, ratio, tutor training, and alignment | Volunteer, low-dosage, or after-school models perform substantially worse | It is expensive and staffing-constrained","Claiming programme-level effects from a thin implementation | Displacing core instruction rather than supplementing it | Assuming the classic two-sigma figure is a reproducible benchmark","Accelerated growth relative to a comparison group; measure=Curriculum-aligned progress monitoring plus an independent outcome measure; timing=Every few weeks and at programme end; caveat=Tutor-administered measures can be optimistic","strong","high","Long-standing meta-analytic evidence for tutoring effects, with modern syntheses showing strong dependence on dosage and delivery model.","direct-intervention","Consistently positive across ages and subjects when implementation conditions are met.","metric=d; value=0.4; note=Typical modern high-dosage estimates cluster around 0.2-0.6; the historical two-sigma claim is not a reproducible benchmark.","candidate-default-with-fit-check","Best-evidenced intensive support model; specify dosage, ratio, training, and alignment before claiming its effects.","source:cohen-tutoring-meta | source:bloom-two-sigma | source:vanlehn-tutoring","","method | intervention | adaptive | equity","new"
"pedagogy:pair-programming","Pair programming in computing education","method","consolidating","sociocultural | instructional-design","computing | engineering-design","secondary | postsecondary | adult-workplace","collaborate | practice | feedback","lesson","Pair programming modestly improves programming outcomes and retention while roughly halving individual code output cost, with pairing quality as the moderator.","Continuous articulation and immediate review catch errors early and expose reasoning that solo programming leaves implicit.","programming assignments | debugging | course retention","computing classroom | laboratory | workplace","Explicit role definition and rotation | Compatible skill levels or scaffolded pairing | Individual assessment as well","Effects depend on task complexity and pair expertise | Time cost is real when measured in person-hours | Individual competence must still be assessed separately","One partner doing everything | Assessing only the shared artifact | Pairing without role structure","Individual competence and pair process; measure=Individual programming assessments plus role-rotation and contribution records; timing=Across assignments; caveat=A working program does not show both partners learned","context-dependent","moderate","Meta-analyses in software engineering and in computing education find small-to-moderate benefits moderated by expertise and task complexity.","direct-intervention","Computing courses and professional settings.","metric=d; note=Small positive effects on quality and course outcomes; effort cost roughly doubles in person-hours.","contextual-option","Use with defined rotating roles and independent individual assessment.","source:hannay-pair-programming | source:umapathy-pair-programming | source:cs-framework","","method | computing | collaboration | practice","new"
"pedagogy:peer-assessment","Peer assessment","tactic","established","sociocultural | psychometric","general | literacy | assessment-measurement","primary | middle | secondary | postsecondary | adult-workplace","feedback | assess | collaborate","lesson","Peer assessment improves learning relative to no assessment and, in many comparisons, is at least as effective as teacher assessment.","Assessing others' work against criteria develops evaluative judgment, and the reviewer often gains more than the reviewee.","writing feedback | project review | scaling feedback","classroom | higher education | online platforms","Clear criteria and exemplars | Training in giving specific feedback | Anonymity or trust as appropriate","Quality depends on criteria clarity and training | Peer marks for grading purposes raise validity and fairness issues | Social dynamics distort feedback in small cohorts","Using peer marks in high-stakes grading | Untrained vague feedback | Reproducing status hierarchies in the feedback","Learning for the reviewer and the reviewed; measure=Performance change for both roles plus feedback specificity coding; timing=Across cycles; caveat=Reviewer gains are often larger and are frequently unmeasured","strong","high","Meta-analysis finds peer assessment improves learning compared with no assessment and compares favourably with teacher assessment.","direct-intervention","Broad across ages and subjects.","metric=g; value=0.31; note=Versus no assessment; comparable to or better than teacher assessment in many comparisons.","candidate-default-with-fit-check","Strong low-cost feedback multiplier for formative purposes; keep it out of high-stakes grading.","source:double-peer-assessment | source:nicol-macfarlane","","tactic | assessment | feedback | collaboration","new"
"pedagogy:peer-tutoring","Peer and cross-age tutoring","method","established","sociocultural | behavioral","literacy | mathematics | general","primary | middle | secondary | postsecondary","practice | feedback | collaborate","lesson","Structured peer tutoring with defined roles, materials, and turn-taking benefits both tutee and tutor at low marginal cost.","Tutees get more response opportunities and immediate correction; tutors consolidate through explanation and monitoring.","fluency practice | procedural rehearsal | review","classroom | small group | peer explanation","Explicit role training and scripts | Correct answer keys or scaffolds | Teacher monitoring","Unstructured pairing produces little | Tutor must have adequate content accuracy | Status differences can undermine the weaker partner","Reinforcing errors when tutors are wrong | Exploiting stronger peers as unpaid teachers | Social exposure of struggling learners","Gains for both roles; measure=Pre-post on target skill for tutor and tutee, plus fidelity checks on the protocol; timing=Across several weeks; caveat=Protocol drift after the first weeks is common","strong","moderate","Classic meta-analytic evidence for structured tutoring programmes, with structure and training as key moderators.","direct-intervention","Well evidenced for well-defined skills; weaker for open-ended work.","","contextual-option","Use where the target skill has checkable answers and the protocol can be trained and monitored.","source:cohen-tutoring-meta | source:johnson-cooperative","","method | collaboration | practice | equity","new"
"pedagogy:physical-activity-and-cognition","Physical activity and academic performance","construct","consolidating","neuroscience | developmental","health | general | physical-motor","primary | middle | secondary","climate | self-regulate","program-system","Physical activity is positively associated with cognition and academic performance, and time given to activity does not harm academic outcomes.","Activity affects attention, executive function, and mood; at minimum, reallocating time to activity does not reduce academic achievement.","timetable design | attention support | wellbeing","school systems | classroom","Actual activity, not scheduled time alone","Much of the evidence is cross-sectional with modest effects | Acute and chronic effects differ | Effects on academic scores are smaller than effects on health","Overclaiming academic gains from exercise programmes | Cutting activity to add instructional time | Ignoring accessibility for disabled learners","Activity dose and cognitive or academic outcomes; measure=Objective activity measurement plus attention and achievement measures; timing=Across a term; caveat=Scheduled activity time is not measured activity","context-dependent","moderate","A major position review concludes physical activity is positively related to cognition and academic performance and that adding activity time does not harm achievement.","mixed-direct-and-inferential","School-age children; evidence quality varies by outcome.","","contextual-option","Protect activity time on health and non-harm grounds; do not sell it as an academic intervention.","source:donnelly-physical-activity | source:diamond-ling","","construct | health | development | wellbeing","new"
"pedagogy:playful-learning-continuum","Playful learning continuum: free play, guided play, games, and direct instruction","framework","consolidating","developmental | constructivist","general | mathematics | literacy","preschool | primary","motivate | practice | sequence","lesson","Play forms differ in who sets the goal and who directs the activity, and guided play — child agency within an adult learning goal — is the segment with the clearest learning evidence.","Child-directed exploration sustains agency and attention while the adult's goal and gentle steering keep the activity aimed at a learning target.","early concept learning | vocabulary and spatial learning | curriculum design for young children","preschool | childcare | classroom | home partnership","A specific learning goal held by the adult | Genuine child choice within the activity | Adult observation and responsive extension","Evidence is strongest for selected mathematics, spatial, and vocabulary outcomes | Free play alone does not reliably teach targeted content | Adult direction that removes agency stops being guided play","Labelling adult-directed activity as play | Assuming play benefits every developmental domain equally | Abandoning intentional goals in the name of play","Target learning with agency preserved; measure=Domain-specific learning measures plus observation of who directs the activity; timing=Across sessions; caveat=Enjoyment is not evidence of the target learning","context-dependent","moderate","A well-specified taxonomy plus meta-analytic evidence that guidance during play benefits specific outcomes, notably early mathematics and spatial skills.","direct-intervention","Preschool and early primary; domain-specific results.","","contextual-option","Use guided play for targeted early concepts, and be precise about which segment of the continuum is actually being used.","source:weisberg-guided-play | source:guided-play-review | source:early-childhood-wwc","","framework | early-childhood | play | engagement","new"
"pedagogy:preschool-effects-and-convergence","Preschool programme effects and convergence","construct","disputed","developmental | critical-equity","general","preschool | primary","sequence | access","program-system","Preschool programmes produce meaningful short-term skill gains that typically converge with comparison groups in later grades, while some long-term life outcomes persist.","Comparison children catch up as schooling supplies similar content, so short-term skill differences shrink even when non-academic long-term benefits remain.","early programme evaluation | policy design | expectation setting","preschool | policy | programme evaluation","Long-term follow-up design | Documented comparison-group experience","Convergence patterns differ by programme quality and by what follows in K-3 | One state-level trial reported negative later effects, others do not | Long-run economic and life outcomes can persist despite test-score convergence","Concluding early education does not work | Concluding it always works from short-term gains | Ignoring the quality of the subsequent grades","Trajectory rather than one post-test; measure=Repeated measures through primary grades plus documentation of comparison-group experience; timing=Annually for several years; caveat=A short-term gain is not a durable effect, and convergence is not proof of no benefit","contested","moderate","A randomized state pre-K trial reporting negative later outcomes contrasts with long-run benefit evidence from intensive model programmes; the pattern is genuinely unsettled.","direct-intervention","Findings differ sharply by programme intensity, era, and counterfactual.","","do-not-generalize","Present both the convergence evidence and the long-run benefit evidence; never cite either alone as settled.","source:durkin-tnvpk | source:heckman-perry | source:early-childhood-wwc","","construct | early-childhood | contested | policy","new"
"pedagogy:pretesting","Pretesting and prequestioning","tactic","consolidating","cognitive","general","middle | secondary | postsecondary | adult-workplace","diagnose | practice","micro-move","Attempting questions before instruction, even with wrong answers, improves later learning of the tested material.","A failed retrieval attempt activates related knowledge and directs attention during subsequent study to the gap it exposed.","preparation for instruction | reading preparation | lecture priming","classroom | adaptive software | study strategies","Subsequent instruction or feedback that resolves the question | Low stakes and explicit permission to be wrong","Benefits concentrate on the pretested material and may not spread to untested content | Requires the follow-up study phase | Errors must be corrected or they can persist","Framing pretests as evaluation, which raises anxiety | Leaving errors uncorrected | Assuming a benefit for untested related material","Post-instruction performance on pretested versus untested items; measure=Split-item design comparing pretested and non-pretested content; timing=After instruction and at delay; caveat=Benefit may not generalize beyond the pretested items","context-dependent","moderate","Replicated experimental effect with clear boundary conditions around subsequent study and item specificity.","direct-intervention","Mostly laboratory and classroom studies with verbal material.","","contextual-option","Cheap and useful before instruction, provided errors are explicitly resolved afterwards and stakes are zero.","source:richland-pretesting | source:metcalfe-errors | source:bjork-self-regulated","","tactic | diagnostic | memory | generation","new"
"pedagogy:prior-knowledge-diagnostic","Prior-knowledge activation and diagnostic probing","principle","established","cognitive","general","cross-lifespan","diagnose","lesson","Elicit task-relevant prior knowledge before choosing support, because existing knowledge can enable integration or produce systematic interference.","Existing schemas reduce processing demands and supply structures for inference; an observable probe lets instruction target the current task rather than a presumed learner type.","concept learning | problem solving | transfer","classroom | tutoring | workplace learning","A task-bounded construct map or prerequisite hypothesis | A low-burden probe that does not reveal the target answer","Treat results as episode-specific evidence | Re-probe when context or representation changes","Inferring stable ability from one response | Using chronological age or demographic group as a substitute for evidence","Relevant knowledge and strategy use; measure=Explanation, worked response, error pattern, and response to a neutral hint; timing=Before selection and again after support; caveat=A failed probe can reflect language, access, affect, or task misunderstanding rather than absent knowledge","strong","high","National consensus synthesis plus an evidence-rated practice guide and knowledge-component research; prior knowledge is the most consistently reported moderator of instructional effects.","mixed-direct-and-inferential","Broad principle; the probe must be domain- and task-specific.","","candidate-default-with-fit-check","Task-bounded evidence is safer than age-, label-, or preference-based routing.","source:hpl2 | source:ies-study | source:kli-framework","","general | diagnostic | development | learner-evidence","inherited-corrected"
"pedagogy:prior-knowledge-variable","Prior knowledge as the dominant moderator","construct","established","cognitive","general","cross-lifespan","diagnose | sequence","micro-move","Prior knowledge is the single most powerful moderator of instructional effects, and it is specific to knowledge components rather than being a global learner level.","Existing schemas determine what a learner can chunk, notice, and integrate, so the same instruction has opposite effects at different knowledge states.","instructional adaptation | placement | learner modelling","adaptive software | classroom | tutoring | diagnostic assessment","Component-level rather than topic-level assessment | Recent evidence rather than historical placement","It is component-specific and changes continuously | A single global score conceals the pattern that matters | Misdiagnosis can come from language or access rather than knowledge","Assigning a durable learner level | Using an initial placement all term | Confusing fluency in one component with knowledge in a neighbour","Component-level knowledge state; measure=Short diagnostics keyed to components plus error-pattern analysis; timing=Before and throughout instruction; caveat=Correct answers can be produced by unintended strategies","strong","high","Convergent evidence from consensus syntheses, the expertise reversal literature, and knowledge-component modelling.","mixed-direct-and-inferential","Broad and repeatedly replicated.","","candidate-default-with-fit-check","Make component-level prior knowledge the primary routing variable, and re-measure rather than assuming persistence.","source:hpl2 | source:kalyuga-expertise-reversal | source:kli-framework | source:ies-study","","construct | learner-evidence | adaptive | diagnostic","new"
"pedagogy:problem-based-learning","Problem-based learning","method","disputed","constructivist | sociocultural","health | professional-workplace | science | engineering-design","secondary | postsecondary | adult-workplace","transfer | collaborate | motivate","unit-course","Learning is organized around authentic ill-structured problems tackled in facilitated groups before or instead of formal exposition.","Working a problem first creates a need for knowledge and situates it with its conditions of use; the facilitator supplies process guidance rather than answers.","applying knowledge to cases | clinical reasoning | ill-structured problems","professional education | higher education | small group","Sufficient prior knowledge to engage the problem | Trained facilitators | Explicit consolidation after the problem","Outcome type decides the result: skill application favours PBL, knowledge coverage often favours conventional instruction | Facilitation quality dominates outcomes | Minimal-guidance versions are contested on cognitive-load grounds","Leaving novices to flounder without guidance | Skipping consolidation so misconceptions persist | Assuming enjoyment implies learning","Application skill versus knowledge coverage; measure=Separate measures for knowledge and for application, plus consolidation checks; timing=End of unit and later; caveat=A single composite outcome hides the pattern","contested","moderate","Meta-analyses find advantages for skill application and near-zero or negative effects for knowledge outcomes; the guidance debate remains active.","direct-intervention","Best evidenced in medical and professional education with strong facilitation.","metric=d; note=Positive for application of knowledge; approximately zero to slightly negative for knowledge acquisition.","contextual-option","Choose when application is the target outcome, prior knowledge exists, and facilitation plus consolidation are guaranteed.","source:dochy-pbl-meta | source:hmelo-silver-pbl | source:kirschner-minimal-guidance","","method | transfer | collaboration | contested","new"
"pedagogy:productive-failure","Productive failure sequence","tactic","consolidating","constructivist | cognitive","mathematics | science | general","middle | secondary | postsecondary","transfer | practice","lesson","Let prepared learners generate multiple imperfect solutions to a rich problem, then explicitly compare and consolidate those attempts into canonical knowledge.","Initial generation activates and differentiates prior knowledge, exposes gaps, and prepares attention for subsequent explanation.","novel mathematics concept | conceptual problem | transfer preparation","classroom | workshop","Sufficient prerequisite knowledge | A problem allowing multiple representations | Psychological safety | Guaranteed explicit consolidation","Best evidence is for conceptual knowledge and transfer, not procedural fluency | Monitor age/readiness and affect","Relabeling unguided discovery as productive failure | Withholding instruction indefinitely | Public humiliation | Using immediate correctness as the only outcome","Diverse generation followed by conceptual reorganization; measure=Number and structure of attempts, comparison quality, conceptual explanation, delayed transfer, and separate procedural score; timing=Across generation, consolidation, and delayed assessment; caveat=Failure is productive only if the later instruction builds on it","context-dependent","high","Meta-analysis supports bounded benefits for conceptual knowledge and transfer, with negative pooled estimates for younger grades and fidelity moderators.","direct-intervention","Best supported in mathematics with older, prepared learners and high-fidelity consolidation.","","contextual-option","Retrieve only with readiness evidence, affect safeguards, and an explicit consolidation phase.","source:productive-failure-meta","","productive-struggle | generation | mathematics | transfer","inherited"
"pedagogy:productive-struggle","Productive struggle as a monitored design hypothesis","framework","disputed","constructivist","mathematics | general","primary | middle | secondary","practice | climate","lesson","Create calibrated challenge that preserves sense-making, then monitor whether struggle produces strategy change and progress rather than prolonged frustration.","Challenge may prompt monitoring, persistence, adaptive help seeking, and deeper processing when prerequisites and support are adequate.","mathematical reasoning | problem solving | revision","classroom | tutoring","Clear goal | Appropriately demanding task | Psychological safety | Real-time monitoring | Hint and exit path","Operationalize both struggle and productivity | Distinguish from the narrower productive-failure sequence","Romanticizing frustration | Inequitable withholding of support | Blaming learners with grit narratives | Using time-on-task as proof of learning","Struggle with measurable progress; measure=Strategy changes, explanation refinement, error recovery, calibrated help seeking, affect, and later conceptual gain; timing=During challenge and after support; caveat=Persistence without progress is not productive","contested","low","The broad construct is inconsistently operationalized and much literature is qualitative or professional guidance; narrower productive-failure evidence should not be generalized.","mixed-direct-and-inferential","Most developed in mathematics; broad cross-domain claims are not established.","","experimental-only","Use only with observable progress criteria, equity safeguards, and a support escalation plan.","source:productive-failure-meta | source:hpl2","","productive-struggle | challenge | risk | hypothesis","inherited"
"pedagogy:project-based-learning","Project-based learning","method","consolidating","constructivist | instructional-design","general | science | engineering-design | computing","primary | middle | secondary | postsecondary","transfer | motivate | collaborate","unit-course","Extended, driving-question projects producing public artifacts can improve academic outcomes modestly and affective outcomes more, when scaffolded and assessed carefully.","A sustained authentic goal organizes knowledge use over time and supports motivation, provided instruction is embedded rather than assumed.","integrative application | design tasks | authentic products","classroom | makerspace | workplace learning","Embedded direct instruction on required knowledge | Milestones and formative checkpoints | Individual as well as group assessment","Artifact quality is not evidence of individual learning | Effects are modest and heterogeneous, with weak implementation fidelity reporting | Project time competes with content coverage","Craft activity displacing conceptual learning | Grading the poster rather than the understanding | Unequal division of labour hiding non-learners","Individual conceptual gain alongside the artifact; measure=Individual assessment of target concepts plus milestone checks; timing=Across the project and after; caveat=Group artifacts systematically overstate individual learning","context-dependent","moderate","Meta-analysis finds moderate positive average effects with substantial heterogeneity and mixed implementation quality.","direct-intervention","Varies widely by discipline, duration, and scaffolding.","","contextual-option","Use for integrative application with embedded instruction and individual assessment; do not expect coverage gains.","source:chen-pbl-meta | source:education-life-work","","method | transfer | engagement | artifact","new"
"pedagogy:reading-comprehension-knowledge","Reading comprehension through strategy, structure, language, and knowledge","principle","established","cognitive","literacy","primary | middle | secondary","explain | consolidate","unit-course","Teach a small set of comprehension strategies and text structures while building vocabulary, oral language, and topic knowledge through purposeful texts and discussion.","Strategies direct monitoring and inference; structure supports organization and recall; vocabulary and knowledge supply meanings needed to build a situation model.","reading to learn | narrative comprehension | informational text","literacy block | content area | intervention","Text accessible enough for the learner | Relevant language and decoding support | Purposeful strategy selection","Do not replace rich knowledge building with generic strategy worksheets | Measure comprehension on unfamiliar texts","Strategy overload | Conflating word-reading errors with comprehension | Using culturally narrow background assumptions as ability evidence","Coherent text meaning and monitored understanding; measure=Retell or explanation, text-structure use, inference, vocabulary in context, and comprehension on a new text; timing=During guided reading and on independent transfer; caveat=Answering rehearsed questions on one passage is a narrow measure","strong","high","IES/WWC rates comprehension strategy instruction strong and text-structure instruction moderate, with additional contextual recommendations.","direct-intervention","Early reading comprehension; extend with age- and discipline-appropriate evidence.","","candidate-default-with-fit-check","Integrate strategy, language, knowledge, text structure, and authentic meaning-making.","source:reading-comprehension-wwc | source:ell-wwc","","literacy | reading | comprehension | knowledge","inherited"
"pedagogy:reading-fluency-repeated-reading","Repeated reading for fluency","tactic","established","behavioral | cognitive","literacy | special-education","primary | middle | secondary","practice | feedback","micro-move","Repeated reading of text with feedback improves reading rate, accuracy, and comprehension, especially for learners with reading difficulties.","Automaticity in word recognition frees attention for comprehension; repetition with correction builds that automaticity on real text.","reading fluency | decoding consolidation | comprehension support","intervention | classroom | tutoring | one-to-one","Basic decoding in place | Text at an appropriate difficulty | Corrective feedback and a performance criterion","Effects are larger with corrective feedback and a set criterion | Gains on practised passages exceed gains on new text | It does not substitute for decoding instruction or knowledge building","Rate becoming the goal instead of meaning | Practising text the learner cannot decode | Reading speed used as a proxy for comprehension","Transfer to unpractised text; measure=Rate and accuracy on new passages plus comprehension questions; timing=After the intervention; caveat=Gains on the practised passage overstate the effect","strong","moderate","Meta-analysis of repeated reading finds substantial effects, with larger effects on practised than transfer passages and moderation by feedback and criterion.","direct-intervention","Strongest for learners with reading difficulty in primary and middle grades.","metric=d; note=Large on practised passages; moderate on transfer passages and comprehension.","contextual-option","Use when decoding is adequate but reading is laboured; always evaluate on unpractised text.","source:therrien-repeated-reading | source:reading-intervention-wwc | source:nrp","","tactic | literacy | reading | intervention","new"
"pedagogy:reciprocal-teaching","Reciprocal teaching","method","established","sociocultural | cognitive","literacy","primary | middle | secondary","explain | collaborate | self-regulate","unit-course","Comprehension strategies are taught through structured dialogue in which learners progressively take over the teacher's role in predicting, questioning, clarifying, and summarizing.","Strategy use is modelled and then transferred through guided dialogue, so the comprehension monitoring becomes internal rather than teacher-supplied.","reading comprehension | text monitoring | content-area reading","classroom | small group | intervention","Adequate decoding for the text | Explicit modelling before role transfer | Texts worth discussing","Requires extended sessions, not a single lesson | Effects are larger on experimenter-designed than on standardized measures | Strategy overload can displace content learning","Turning the four strategies into a ritual | Using it with texts learners cannot decode | Assuming standardized-test gains from short implementations","Independent comprehension monitoring; measure=Unfamiliar-text comprehension plus observed strategy use without prompting; timing=After several weeks and at delay; caveat=Strategy naming is not strategy use","strong","moderate","Original controlled studies plus meta-analysis showing consistent benefits, with much larger effects on experimenter-developed than standardized measures.","direct-intervention","Best evidenced for learners with adequate decoding but weak comprehension.","metric=d; value=0.32; note=Standardized-measure estimate is markedly smaller than experimenter-measure estimates.","contextual-option","Strong option for comprehension when decoding is adequate; expect smaller effects on standardized outcomes.","source:palincsar-brown | source:rosenshine-reciprocal | source:reading-comprehension-wwc","","method | literacy | comprehension | collaboration","new"
"pedagogy:reduced-feedback-frequency","Reduced feedback frequency in motor learning","principle","established","behavioral | cognitive","physical-motor | health | professional-workplace","cross-lifespan","feedback | practice","micro-move","Frequent feedback improves performance while it is present but can degrade learning; reduced or faded feedback produces better retention.","Constant feedback becomes a crutch that replaces the learner's own error detection, which is what must be developed for unassisted performance.","motor skill training | procedural skill training","training | clinical simulation | sports coaching","A skill with intrinsic feedback the learner can eventually use | A retention test without feedback","Applies where intrinsic feedback exists to be developed | Too little feedback early can prevent acquisition | Requires no-feedback retention testing to detect","Reading in-session improvement as learning | Removing feedback before the skill can be self-detected | Automated systems giving constant correction by default","No-feedback retention performance; measure=Retention and transfer tests with feedback withdrawn; timing=After a delay; caveat=Performance with feedback present overstates learning","strong","high","Classic experiments establishing the guidance effect, consistent with the broader learning-versus-performance literature.","direct-intervention","Motor learning; the principle informs feedback design more broadly.","","candidate-default-with-fit-check","Fade feedback deliberately and evaluate without it; directly relevant to any system that gives automatic hints.","source:winstein-schmidt | source:soderstrom-bjork | source:feedback-meta","","principle | physical-motor | feedback | independence","new"
"pedagogy:rereading-and-highlighting","Rereading and highlighting as primary study strategies","anti-pattern","deprecated","cognitive","general","middle | secondary | postsecondary | adult-workplace","consolidate | self-regulate","micro-move","Rereading and highlighting are the most common study strategies and among the least effective, while producing a strong illusion of learning.","Both increase processing fluency without requiring retrieval, so they raise confidence far more than retention.","study strategy guidance | study coaching","study strategies | coaching | higher education","None; this is a screening criterion","Rereading is not harmful, only inefficient relative to alternatives | Highlighting can support later retrieval practice if the highlights are then used as prompts | Learners resist better strategies because these feel easier","Learners equating time spent with learning achieved | Confidence rising while retention does not | Study advice that stops at 'review your notes'","Confidence versus delayed performance; measure=Compare confidence ratings with delayed test results under each strategy; timing=After a delay; caveat=The gap between confidence and performance is the whole point","refuted","high","Comprehensive review rates both strategies low utility relative to practice testing and distributed practice.","direct-intervention","Broad across ages and materials studied.","","avoid","Redirect to retrieval and spacing, and warn explicitly that the better strategies will feel worse.","source:dunlosky-techniques | source:dunlosky-rawson-overconfidence | source:bjork-self-regulated","","anti-pattern | refuted | study-strategy | metacognition","new"
"pedagogy:responsive-language-interaction","Responsive language interaction and shared reading","tactic","established","developmental | sociocultural","literacy | multilingual","infancy-toddler | preschool","explain | feedback","micro-move","Respond contingently to children's verbal and nonverbal bids and use shared books to build language, print knowledge, and world knowledge through conversation.","Joint attention and conversational turns create production practice, responsive feedback, vocabulary encounters, and links between text and experience.","oral language | vocabulary | print awareness | knowledge building","home | childcare | preschool","Adult attention to the child's communication | Culturally and linguistically relevant interaction | Accessible books or media","Follow the child's cues while extending language | Value multiple communication styles and home languages","Reducing quality to word counts | Blaming families | Conflating English proficiency with content knowledge","Reciprocal communication and language growth; measure=Turn contingency, child initiations, vocabulary use, print-feature knowledge, and world-knowledge explanation; timing=Across repeated interactions; caveat=Conversational-turn associations do not alone establish causality","strong","moderate","WWC rates planned vocabulary, letter-sound, and shared-reading recommendations strong; broader interaction mechanisms also have institutional support.","mixed-direct-and-inferential","Early childhood; implementation must be culturally and linguistically responsive.","","candidate-default-with-fit-check","Use responsive, dialogic interaction with explicit language goals and respect for home language and culture.","source:early-childhood-wwc | source:hpl2","","early-childhood | language | reading | culture","inherited"
"pedagogy:retrieval-practice","Retrieval practice / active recall","tactic","established","cognitive","general","primary | middle | secondary | postsecondary | adult-workplace","practice | consolidate","micro-move","Prompt learners to recall target knowledge from memory instead of only re-exposing them to it.","Effortful retrieval strengthens future accessibility and reveals gaps; corrective feedback repairs unsuccessful or erroneous recall.","fact retention | concept recall | application preparation","low-stakes quiz | flashcards | free recall | classroom questioning","Enough initial encoding to attempt retrieval | Corrective feedback for errors or omissions","Keep stakes low | Vary prompts when transfer matters | Separate retrieval success from final learning","Using high-stakes testing as pedagogy | Reinforcing errors without feedback | Overfitting to item wording","Durable accessible knowledge; measure=Delayed free/cued recall plus application or inference items; timing=After a meaningful delay; caveat=Immediate quiz accuracy overstates durable learning","strong","high","Large classroom meta-analysis and evidence syntheses support a moderate average benefit with meaningful moderators.","direct-intervention","Broad across ages and content, but outcome match, feedback, repetitions, and delay matter.","","candidate-default-with-fit-check","Prefer low-stakes, feedback-supported retrieval with delayed measurement.","source:retrieval-meta | source:ies-study | source:hpl2","","general | memory | practice | assessment","inherited"
"pedagogy:rubrics-and-exemplars","Rubrics and exemplars","tactic","established","psychometric | instructional-design","assessment-measurement | literacy | general","primary | middle | secondary | postsecondary | adult-workplace","assess | feedback | explain","lesson","Rubrics can improve scoring consistency and, when shared with learners alongside exemplars, make quality criteria usable rather than merely stated.","Explicit criteria and concrete exemplars convert tacit quality standards into something a learner can compare their own work against.","performance assessment | criteria communication | scoring consistency","classroom | higher education | professional assessment","Criteria that describe quality rather than compliance | Exemplars at different levels | Scorer training for consistency","Reliability requires topic-specific rubrics and training, not generic ones | Rubrics can drive formulaic work if criteria are procedural | Validity is not established by reliability","Checklist-style criteria producing checklist-style work | Assuming shared rubrics are understood without exemplars | High reliability on an invalid construct","Scoring agreement and learner use; measure=Inter-rater agreement plus evidence learners used criteria during revision; timing=At scoring and during revision; caveat=Consistent scoring of the wrong construct is still wrong","strong","moderate","Systematic review shows rubrics can improve scoring reliability, with topic-specific rubrics and training as the key conditions; validity evidence is weaker.","direct-intervention","Performance assessment across levels.","","contextual-option","Pair rubrics with exemplars, keep criteria about quality not compliance, and treat reliability as necessary but not sufficient.","source:jonsson-rubrics | source:testing-standards | source:panadero-self-assessment","","tactic | assessment | feedback | validity","new"
"pedagogy:schema-based-word-problems","Schema-based instruction for word problems","tactic","established","cognitive | instructional-design","mathematics | special-education","primary | middle","explain | practice | transfer","lesson","Teaching learners to recognize the underlying problem structure of word problems, rather than keyword cues, improves solution accuracy and transfer.","Mapping a problem onto a schema makes the quantitative relations explicit, replacing surface keyword strategies that fail on novel wording.","word problem solving | proportional reasoning | intervention for struggling learners","classroom | intervention | tutoring","Explicit schema diagrams or representations | Practice across varied surface wording | Adequate computation skill or support","Effects are best evidenced for specific schema families | Schema diagrams must be linked to quantity, not used as decoration | Keyword strategies must be actively unlearned","Diagram completion becoming the task | Teaching too many schemas at once | Keyword shortcuts persisting under time pressure","Structure recognition on novel wording; measure=Problems with unfamiliar surface features and misleading keywords; timing=After instruction and at delay; caveat=Success on practised wording says nothing about schema recognition","strong","moderate","Randomized classroom studies plus evidence-rated practice-guide recommendations on systematic instruction and representations.","direct-intervention","Primary and middle grades, including learners with mathematics difficulties.","","candidate-default-with-fit-check","Strong option for word problems; test with misleading keywords to verify structure recognition.","source:jitendra-schema | source:math-intervention-wwc | source:adding-it-up","source:math-intervention-wwc: Recommendations on systematic instruction and on using visual representations (strong and moderate evidence respectively)","tactic | mathematics | transfer | intervention","new"
"pedagogy:schema-knowledge-organization","Schema and knowledge organization","theory","established","cognitive","general","cross-lifespan","explain | transfer | diagnose","unit-course","Expertise is largely organized domain knowledge; experts perceive problems by deep structure while novices perceive surface features.","Repeated meaningful encounters build connected structures that chunk information, guide attention to relevant features, and free working memory for reasoning.","problem categorization | concept learning | expertise development","curriculum design | diagnostic assessment | instructional materials","A domain with recurring deep structure | Multiple varied encounters","Knowledge organization is domain-specific and does not generalize as a skill | Building structure takes extended time | Fluent recall is not the same as organized understanding","Teaching 'thinking skills' detached from content | Assuming a learner expert in one topic is expert nearby | Grading surface fluency as structural understanding","Deep-structure sorting; measure=Category sorting tasks, explanation quality, and novel-problem success; timing=After sustained instruction; caveat=Sorting can be trained superficially without understanding","strong","high","Convergent classic and consensus evidence on expert-novice knowledge organization synthesized in national consensus reports.","mixed-direct-and-inferential","Robust across domains studied; the content of the structure is domain-specific.","","candidate-default-with-fit-check","Design for organized knowledge, and diagnose by deep structure rather than by answer correctness alone.","source:hpl1 | source:hpl2 | source:kli-framework","","theory | knowledge | expertise | transfer","new"
"pedagogy:science-argumentation","Argumentation in science instruction","method","consolidating","constructivist | sociocultural","science","primary | middle | secondary | postsecondary","explain | collaborate | assess","unit-course","Structured argumentation from evidence develops both science content understanding and epistemic practice, but requires explicit teaching of argument structure.","Making claims, evidence, and reasoning explicit forces learners to coordinate theory and data rather than to report results.","scientific reasoning | data interpretation | discussion","classroom | laboratory | small group","Explicit instruction in argument structure | Data or phenomena with genuine interpretive space | Norms permitting disagreement","Argumentation does not emerge spontaneously from group work | Teacher facilitation skill is the limiting factor | It takes substantial time that content coverage competes for","Debate without evidence discipline | Louder learners dominating | Assessing participation instead of argument quality","Argument quality; measure=Coded written or oral arguments for claim, evidence, and reasoning quality; timing=Across the unit; caveat=Talk quantity is not argument quality","context-dependent","moderate","Classroom intervention research plus alignment with national science framework practices; effects depend heavily on teacher preparation.","direct-intervention","Science classrooms; teacher-professional-development dependent.","","contextual-option","Teach argument structure explicitly and assess argument quality, not participation.","source:osborne-argumentation | source:science-framework | source:furtak-inquiry","","method | science | argumentation | reasoning","new"
"pedagogy:science-three-dimensional","Three-dimensional science learning","framework","consolidating","constructivist | instructional-design","science","primary | middle | secondary","sequence | explain","program-system","Integrate disciplinary core ideas, crosscutting concepts, and scientific or engineering practices around phenomena and problems.","Using ideas in modeling, investigation, data analysis, explanation, and argument makes scientific knowledge coherent, revisable, and connected across contexts.","scientific explanation | modeling | investigation | engineering design","K-12 science curriculum | assessment | informal science","Coherent grade-band progression | Sufficient core knowledge | Access to phenomena or data | Norms for evidence and critique","Depth over disconnected breadth | Integrate practices with concepts rather than activity alone","Unguided discovery | Activity-only inquiry | Polished model accepted without evidence or revision trace | Treating a consensus framework as one causal intervention","Evidence-based model or explanation revision; measure=Model adequacy, data interpretation, claim-evidence-reasoning, argument response, and cross-context application; timing=Across investigation and after anomalous evidence; caveat=Framework alignment is not itself proof of effectiveness","context-dependent","high","Authoritative National Research Council consensus framework grounded in learning research; enactment effects vary.","consensus-design","K-12 science and engineering; this is a normative curricular framework, not an effect estimate.","","contextual-option","Use as a domain design framework with explicit knowledge scaffolds and evidence-producing practices.","source:science-framework | source:hpl2","","science | inquiry | modeling | argumentation","inherited"
"pedagogy:screen-media-young-children","Screen media exposure in early childhood","construct","consolidating","developmental","general | digital-environments","infancy-toddler | preschool","access | climate","program-system","Higher screen time in early childhood is associated with poorer performance on developmental screening measures; content, co-viewing, and displaced activities matter more than raw hours.","Screen time can displace interaction, language exposure, sleep, and physical activity; effects depend on what it replaces and on whether an adult participates.","family guidance | product design for young children | screening interpretation","home partnership | childcare | product design","Distinguishing content type and co-viewing from total duration","Evidence is observational with residual confounding | Effect sizes are small and directionality is debated | Total-hours framing obscures the displacement mechanism","Blanket time limits as the only guidance | Ignoring differences between interactive, co-viewed, and passive use | Moral framing of families' media choices","Displacement, not just duration; measure=Time-use records of what screens replaced plus developmental screening; timing=Across early childhood; caveat=Duration alone is a weak predictor without content and context","context-dependent","moderate","Longitudinal cohort evidence of an association with developmental screening outcomes; observational design limits causal inference.","mixed-direct-and-inferential","Early childhood cohorts; small effects.","","contextual-option","Advise on content, co-use, and what is displaced rather than issuing an hours rule; state the observational limits.","source:madigan-screen-time | source:hpl2","","construct | early-childhood | digital | risk","new"
"pedagogy:self-assessment","Self-assessment as a formative process","tactic","established","cognitive | psychometric","general | assessment-measurement","primary | middle | secondary | postsecondary | adult-workplace","self-regulate | assess | feedback","micro-move","Self-assessment against explicit criteria improves self-regulated learning and performance when it is formative rather than a summative self-grade.","Comparing one's work against criteria develops monitoring and identifies the specific gap to act on, which is the core of self-regulation.","revision decisions | study regulation | criteria internalization","classroom | higher education | adaptive software","Explicit criteria and exemplars | A subsequent chance to act on the judgment | No grading consequence attached","Self-assessment accuracy is generally poor without criteria and training | Summative self-grading invites distortion | Confidence and accuracy are different things","Self-rated mastery gating progression | Self-grades used for marks | Assuming accuracy improves without feedback","Accuracy against an external standard, and subsequent action; measure=Self-rating compared with criterion-based external scoring plus the revision made; timing=Each cycle; caveat=Improving self-ratings can reflect leniency drift, not learning","strong","moderate","Systematic review finds positive effects on self-regulated learning and achievement when self-assessment is formative and criteria-based.","direct-intervention","Broad; effects depend on formative framing and training.","","candidate-default-with-fit-check","Use formatively with criteria and always calibrate against an external measure.","source:panadero-self-assessment | source:dunlosky-rawson-overconfidence | source:nicol-macfarlane","","tactic | metacognition | assessment | self-regulation","new"
"pedagogy:self-determination-theory","Self-determination theory","theory","established","motivational-social","general | professional-workplace","cross-lifespan","motivate | climate","unit-course","Motivation varies in quality, not just amount; support for autonomy, competence, and relatedness produces more autonomous motivation and better persistence and wellbeing.","Contexts that satisfy the three basic needs allow externally prompted behaviour to be internalized rather than merely complied with.","sustaining effort | voluntary practice | course and workplace design","classroom | workplace learning | adaptive software | coaching","Real choice within a structured task | Attainable competence signals | A relational context","Autonomy support is not absence of structure | Need satisfaction is measured by self-report with the usual limits | Achievement effects are smaller and less consistent than motivation effects","Offering trivial choices as autonomy | Using controlling rewards while claiming need support | Assuming enjoyment implies learning","Autonomous motivation and persistence; measure=Validated need-satisfaction and motivation measures plus voluntary persistence and achievement, reported separately; timing=Across a term; caveat=Motivation gains do not automatically produce achievement gains","strong","high","Large theoretical and intervention literature, with a recent meta-analysis of SDT-based interventions.","mixed-direct-and-inferential","Cross-cultural support with debate about relative need weighting across cultures.","","candidate-default-with-fit-check","Design for need support as a climate condition; measure achievement separately from motivation.","source:ryan-deci-sdt | source:motivation-meta | source:hpl2","","theory | motivation | climate | agency","new"
"pedagogy:self-efficacy","Self-efficacy","construct","established","motivational-social","general","primary | middle | secondary | postsecondary | adult-workplace","motivate | diagnose","micro-move","A learner's belief about their capability on a specific task predicts effort, persistence, and performance, and is built mainly by mastery experience.","Mastery experiences, credible vicarious models, specific feedback, and physiological state combine into a task-specific judgment that governs effort allocation.","persistence prediction | confidence building | recovery after failure","classroom | coaching | workplace learning | adaptive software","Task-specific measurement, not global confidence | Genuine opportunities for mastery experience","It is task-specific and does not transfer as a trait | The correlation with achievement is moderate, and causality runs in both directions | Encouragement without mastery experience does not durably raise it","Measuring generalized self-esteem instead of task self-efficacy | Inflating confidence beyond competence, which damages calibration | Treating it as a fixed learner attribute","Calibrated task confidence; measure=Task-specific efficacy ratings compared against actual performance; timing=Before and after task attempts; caveat=Overconfidence is itself a risk, not a success","strong","moderate","Foundational theory plus meta-analysis showing a moderate correlation with academic performance.","mixed-direct-and-inferential","Broad; effect sizes moderate and correlational.","metric=r; value=0.33; note=Meta-analytic correlation with academic performance in higher education.","contextual-option","Build through mastery experience and specific feedback; measure per task and watch calibration, not just level.","source:bandura-self-efficacy | source:honicke-broadbent","","construct | motivation | measurement | learner-evidence","new"
"pedagogy:self-explanation","Self-explanation and deep explanatory questioning","tactic","established","cognitive","general","primary | middle | secondary | postsecondary","explain | consolidate","micro-move","Ask learners to explain why a fact, step, representation, or causal link makes sense and how it connects to prior knowledge.","Generating explanations exposes gaps, integrates new information with schemas, and makes relations available for inference.","concept integration | worked-example study | causal reasoning","individual reflection | peer explanation | guided questioning","Sufficient domain knowledge to generate a meaningful explanation | A prompt aimed at a consequential relation","Provide feedback or models when explanations can entrench misconceptions | Avoid generic why prompts for every step","Fluent but incorrect explanations | Prompt overload | Scoring verbosity rather than conceptual relations","Integrated and revisable explanation; measure=Presence and correctness of causal, structural, or principle-based links plus transfer; timing=During learning and on a novel application; caveat=Longer explanations are not necessarily better","context-dependent","moderate","Evidence-rated guidance supports deep explanatory questions; effectiveness depends on knowledge, prompt, and feedback.","mixed-direct-and-inferential","Broad mechanism with domain-specific implementation.","","contextual-option","Retrieve when explanation quality can be observed and corrected.","source:ies-study | source:icap | source:hpl2","","general | elaboration | explanation | reasoning","inherited"
"pedagogy:self-regulation-in-open-online-learning","Self-regulation demands of open online learning","construct","established","motivational-social | instructional-design","digital-environments | professional-workplace","postsecondary | adult-workplace | older-adult","self-regulate | access","program-system","Open online courses show very low completion and serve already-advantaged learners disproportionately; success depends heavily on self-regulatory capability the format assumes.","Removing schedule, cohort, and accountability structures shifts the entire regulatory burden onto the learner, which favours those who already have those skills.","open course design | workforce upskilling | access planning","online platforms | workplace learning | continuing education","Explicit regulatory supports if broad access is the goal | Realistic outcome definitions beyond completion","Completion is a poor and often misleading metric | Participation skews toward the already-educated | Self-regulation interventions in these settings show mixed results","Claiming democratized access without checking who participates | Reading non-completion as learner failure | Designing for the self-regulated minority","Who participates and what they achieve; measure=Participation and achievement disaggregated by prior education, plus goal-relative rather than completion-relative outcomes; timing=Across cohorts; caveat=Completion rate conflates intent with capability","strong","high","Large-scale platform analyses show persistent low completion and advantaged participation; experimental self-regulation supports show modest and mixed effects.","mixed-direct-and-inferential","Open online platforms; less applicable to supported cohort programmes.","","contextual-option","Build regulatory structure into the design and report participation equity, not just completion.","source:reich-mooc | source:kizilcec-mooc-srl | source:bernard-distance","","construct | digital | adult | equity","new"
"pedagogy:simple-view-of-reading","Simple view of reading","theory","established","cognitive","literacy | multilingual | special-education","preschool | primary | middle | secondary","diagnose | sequence","unit-course","Reading comprehension is the product of word recognition and language comprehension, so a failure in either component produces reading failure for different reasons.","Because the relation is multiplicative, a near-zero value on either component collapses comprehension regardless of the other, which makes component diagnosis essential.","reading difficulty diagnosis | intervention targeting | curriculum balance","classroom | intervention | assessment","Separate measurement of decoding and language comprehension","It is a framework for diagnosis, not a full account of skilled reading | Component weighting changes with age and orthography | Multilingual learners require language-of-assessment care","Reducing reading instruction to decoding alone | Assessing comprehension without checking decoding | Diagnosing a language difference as a reading disability","Component profile; measure=Independent decoding (including pseudowords) and oral language comprehension measures; timing=At referral and periodically; caveat=A single comprehension score cannot identify which component failed","strong","high","A durable framework supported by decades of component-skill research and endorsed in major evidence syntheses of reading.","mixed-direct-and-inferential","Broad across alphabetic orthographies; weighting varies by language and age.","","candidate-default-with-fit-check","Always diagnose the two components separately before choosing a reading intervention.","source:hoover-gough-svr | source:castles-reading-wars | source:literacy-wwc","","theory | literacy | diagnostic | reading","new"
"pedagogy:simulation-based-mastery-learning","Simulation-based mastery learning in clinical skills","method","established","behavioral | instructional-design","health | professional-workplace","postsecondary | adult-workplace","practice | feedback | assess","program-system","Simulation training with a mastery criterion, deliberate practice, and feedback produces large skill gains and, in several studies, better patient outcomes.","Repeated practice against an explicit performance standard with immediate feedback continues until the standard is met, removing the variability of time-based training.","procedural skill training | clinical competence | certification","clinical simulation | professional education","A validated performance checklist and mastery standard | Simulation fidelity adequate to the skill | Unlimited practice time to reach the standard","Requires substantial faculty and equipment resources | Checklist validity determines what mastery means | Fidelity needs vary by skill; higher is not always better","Checklist compliance substituting for clinical judgment | Declaring mastery on a weak standard | Assuming simulation performance transfers without patient-level evidence","Mastery attainment and downstream transfer; measure=Checklist performance to criterion plus workplace or patient outcome measures; timing=At certification and after; caveat=Simulation competence is not automatically clinical competence","strong","high","Meta-analyses of simulation-based mastery learning and of technology-enhanced simulation report large skill effects and, in a subset, patient-outcome benefits.","direct-intervention","Health professions education; strongest for procedural skills.","metric=d; note=Large effects on skills outcomes; smaller and less consistent for patient outcomes.","candidate-default-with-fit-check","The strongest adult-domain instance of mastery learning; require a validated standard and workplace-level follow-up.","source:mcgaghie-simulation | source:cook-simulation-jama | source:kulik-mastery","","method | health | adult | assessment","new"
"pedagogy:simulations-virtual-labs","Computer simulations and virtual laboratories","method","established","constructivist | cognitive","science | engineering-design | mathematics | digital-environments","middle | secondary | postsecondary","explain | practice | transfer","lesson","Simulations support conceptual learning when combined with guidance, and can equal or exceed physical labs for concept-focused goals.","Learners can manipulate variables, see otherwise invisible relationships, and run many trials quickly, provided assignments constrain what they attend to.","variable relationships | model exploration | experiment design","laboratory | classroom | adaptive software | home learning","Assignments and prompts that direct attention | Prior knowledge of the represented variables | Debriefing that links the simulation to the concept","Unguided simulation use produces weak results | A simulation is a model, and its simplifications teach too | Physical manipulation goals are not substituted","Treating the simulation as self-teaching | Learners inferring the model's artefacts as physical facts | Replacing hands-on skills that the curriculum requires","Concept gain plus model awareness; measure=Conceptual pre-post, prediction tasks, and questions about model limits; timing=During and after the sequence; caveat=Fluent simulation manipulation can mask conceptual confusion","context-dependent","moderate","Reviews find simulations generally beneficial for conceptual outcomes when supported by guidance, with comparisons to physical labs favouring neither uniformly.","direct-intervention","Science and engineering topics with clear variable structure.","","contextual-option","Use with directed assignments and debriefing; state explicitly what the model omits.","source:dejong-simulations | source:rutten-simulations | source:science-framework","","method | science | digital | inquiry","new"
"pedagogy:sleep-and-consolidation","Sleep and memory consolidation","construct","established","neuroscience | developmental","general | health","cross-lifespan","consolidate | climate","program-system","Sleep actively consolidates newly learned material, and insufficient sleep degrades attention, learning, and wellbeing, particularly in adolescents.","Post-learning sleep stabilizes and reorganizes memory traces; sleep restriction also impairs the attention and regulation that learning depends on.","study scheduling | school timetable policy | wellbeing","home learning | school systems | study strategies","Opportunity for adequate sleep, which is often a structural not individual matter","Adolescent circadian phase shift makes early start times biologically costly | School start time change is a system decision with logistical costs | Consolidation research is largely laboratory-based","Framing sleep as purely a personal discipline issue | All-night study normalized as commitment | Ignoring the equity dimension of household and work constraints","Retention and attention as a function of sleep; measure=Sleep duration and timing records alongside delayed retention and attention measures; timing=Across days and weeks; caveat=Self-reported sleep is systematically over-estimated","strong","high","Robust experimental evidence on sleep-dependent consolidation plus systematic review and public-health recommendations on adolescent school start times.","mixed-direct-and-inferential","Broad; start-time evidence is strongest for adolescents.","","candidate-default-with-fit-check","Treat sleep as a structural condition for learning; schedule practice and testing accordingly rather than moralizing.","source:diekelmann-born-sleep | source:wheaton-school-start | source:adolescent-nasem","","construct | development | consolidation | wellbeing","new"
"pedagogy:social-emotional-learning","Social and emotional learning programmes","method","established","motivational-social | developmental","general","preschool | primary | middle | secondary","climate | self-regulate | motivate","program-system","Well-implemented SEL programmes improve social-emotional skills, attitudes, behaviour, and academic performance, with effects persisting at follow-up.","Explicit, sequenced, active, focused, and explicit skill instruction plus a supportive climate builds regulation and relationship skills that also support academic engagement.","behaviour and wellbeing | school climate | academic engagement","classroom | school systems | preschool","Sequenced, active, focused, explicit design | Implementation fidelity and staff training | Whole-school reinforcement","Implementation quality drives results; poorly implemented programmes show little | Academic effects are smaller than social-emotional ones | Outcome measures are often self- or teacher-report","Bolt-on lessons without climate change | Using SEL to manage compliance rather than support development | Culturally mismatched norms of appropriate emotion","Skill, behaviour, and academic outcomes separately; measure=Multi-informant skill and behaviour measures plus independent academic outcomes and fidelity data; timing=Post-programme and at follow-up; caveat=Self-report gains can exceed observed behaviour change","strong","high","Large meta-analyses of universal school-based programmes with significant post-test effects and follow-up meta-analysis showing persistence.","direct-intervention","Broad across ages and settings when implementation conditions are met.","metric=d; value=0.27; note=Academic performance effect at post-test; social-emotional skill effects are larger, around 0.57.","candidate-default-with-fit-check","Well-evidenced when the design is sequenced, active, focused, and explicit and implementation is monitored.","source:durlak-sel | source:taylor-sel-followup | source:casel","","method | climate | development | wellbeing","new"
"pedagogy:sociocultural-zpd","Sociocultural theory and the zone of proximal development","theory","established","sociocultural | developmental","general","cross-lifespan","explain | collaborate | sequence","lesson","Higher-order thinking develops first in social interaction and then internally, so the productive teaching zone is what a learner can do with support but not yet alone.","Joint activity with a more capable partner makes reasoning public; language and cultural tools mediate it, and responsibility transfers to the learner over time.","guided problem solving | concept development | apprenticeship","one-to-one | small group | classroom | tutoring","A partner with relevant expertise | Shared task and language access | Room for the learner to act","The zone is task-specific and moves as knowledge changes | It is not a fixed learner property or a score | Cultural context shapes what counts as competent participation","Turning ZPD into a static learner label or level | Using it to justify indefinite assistance | Assuming any group work is developmentally productive","Transfer of responsibility; measure=Comparison of assisted and unassisted performance on the same task; timing=Across a sequence of attempts; caveat=Support-visible success is not independent competence","context-dependent","moderate","Foundational and widely used theory; consensus syntheses endorse its account of social and cultural mediation, while its specific instructional predictions are tested through scaffolding research.","mixed-direct-and-inferential","Broad, but operationalization varies enormously across studies.","","contextual-option","Use to frame where support should sit; measure the transfer of responsibility rather than asserting the zone.","source:hpl2 | source:scaffolding-review","","theory | scaffolding | sociocultural","new"
"pedagogy:socioeconomic-context","Socioeconomic context and opportunity","construct","established","critical-equity | developmental","general","cross-lifespan","diagnose | access | climate","program-system","Socioeconomic status is moderately associated with achievement, operates through opportunity and resources rather than capability, and specific interventions can narrow gaps.","Material resources, instructional quality, out-of-school opportunity, and stability shape cumulative exposure to learning opportunities.","equity analysis | intervention targeting | resource allocation","school systems | programme evaluation | policy","Disaggregated outcome data | Interventions that address opportunity, not deficits","Association is at group level and says nothing about an individual | Aggregated school-level measures show larger associations than individual ones | It is a condition to address, not a learner attribute to encode","Using SES to lower expectations or route to easier content | Encoding proxies for SES into an adaptive model | Deficit framing of families and communities","Disaggregated growth under targeted support; measure=Outcome and opportunity-to-learn measures disaggregated by group; timing=Termly and annually; caveat=Group averages must never drive individual routing","strong","high","Large meta-analytic evidence for the association plus meta-analytic evidence that specific academic interventions improve outcomes for low-SES learners.","mixed-direct-and-inferential","Broad; the association is correlational and mediated.","metric=r; value=0.3; note=Typical individual-level association; school-aggregated measures are considerably higher.","do-not-generalize","Use for targeting resources and auditing equity; never as an input to individual difficulty or expectation decisions.","source:sirin-ses-meta | source:dietrichson-low-ses | source:hpl2","","construct | equity | access | warning","new"
"pedagogy:spaced-repetition-scheduling","Algorithmic spaced repetition","tactic","established","cognitive | behavioral","general | world-language | health | professional-workplace","secondary | postsecondary | adult-workplace","practice | consolidate","micro-move","Software that schedules review by predicted forgetting sustains retention of large item sets efficiently, including for busy professionals.","Reviews are placed near the point of forgetting, combining spacing and retrieval so each review yields maximum retention gain per minute.","vocabulary | terminology | facts and classifications | recertification","adaptive software | flashcards | workplace recertification","Well-formed atomic items | Initial understanding before memorization | Sustained access over time","Optimal gap depends on the retention horizon | Item quality dominates algorithm choice | It builds recall, not application or judgment","Memorizing items that were never understood | Endless review backlogs causing abandonment | Treating fact recall as the whole curriculum","Retention per review minute; measure=Delayed recall plus review-time logs and lapse rate; timing=Across weeks and months; caveat=In-app accuracy is inflated by recent scheduling","strong","high","Spacing meta-analysis plus randomized trials of spaced education in professional settings show durable retention advantages.","direct-intervention","Strong for well-formed recall items; not evidence for complex reasoning outcomes.","","candidate-default-with-fit-check","Default for durable factual and terminological knowledge; pair with application practice for anything more.","source:spacing-meta | source:kerfoot-spaced-education | source:dunlosky-techniques","","tactic | spacing | memory | digital","new"
"pedagogy:spacing","Spacing / distributed practice","tactic","established","cognitive","general","primary | middle | secondary | postsecondary | adult-workplace","practice | consolidate","micro-move","Distribute repeated encounters over time rather than massing them in one session.","Later encounters require reminding or retrieval and occur in varied temporal contexts, slowing forgetting.","retention | skill maintenance | relearning","curriculum scheduling | practice systems | workplace recertification","Multiple encounters | A target retention horizon","Gap choice depends on desired retention interval and difficulty | Too-long gaps can produce retrieval failure","Treating one schedule as optimal for every item | Assuming expanding gaps are always superior","Slower forgetting and efficient relearning; measure=Delayed retention curve and relearning savings; timing=Across multiple delays; caveat=In-session difficulty can increase even while long-term retention improves","strong","high","Large quantitative synthesis and evidence-rated institutional guidance.","direct-intervention","Broad for retention; exact schedules are context-dependent.","","candidate-default-with-fit-check","Build revisits into curricula and tools, then adapt intervals to retention evidence.","source:spacing-meta | source:ies-study | source:hpl2","","general | memory | schedule | retention","inherited"
"pedagogy:spatial-skills-training","Spatial skills training","tactic","consolidating","cognitive | developmental","mathematics | science | engineering-design","preschool | primary | middle | secondary | postsecondary","practice | transfer","lesson","Spatial skills are malleable and improve with training, with durable and transferable gains within the spatial domain; academic transfer to STEM is less established.","Practice with spatial transformations builds representations and strategies that apply to structurally similar spatial tasks.","mental rotation | diagram interpretation | STEM preparation","classroom | block play | digital tools | intervention","Structured spatial tasks with feedback | Sufficient practice duration","Transfer is reliable within spatial tasks; academic transfer is weaker evidence | Effects are demonstrated across ages but vary by training type | Gains do not automatically appear in mathematics scores","Selling spatial training as a STEM achievement intervention | Displacing domain instruction | Assuming gender gaps are fixed rather than trainable","Spatial gain and any academic transfer, separately; measure=Spatial task battery plus independent domain outcome measures; timing=After training and at delay; caveat=Spatial gains are real without implying STEM gains","context-dependent","moderate","A large meta-analysis establishes malleability, durability, and transfer within the spatial domain; academic transfer claims are weaker.","direct-intervention","Broad across ages and training types for spatial outcomes.","metric=g; value=0.47; note=Average training effect on spatial outcomes.","contextual-option","Worthwhile for spatial goals and diagram-heavy domains; do not promise STEM achievement gains.","source:uttal-spatial-training | source:goldin-meadow-gesture","","tactic | mathematics | science | transfer","new"
"pedagogy:stereotype-threat","Stereotype threat","construct","disputed","motivational-social | critical-equity","general | assessment-measurement","secondary | postsecondary | adult-workplace","climate | assess","micro-move","Situational cues that make a negative group stereotype relevant can depress performance, though effect sizes in school settings are small and publication bias is evident.","Concern about confirming a stereotype consumes working memory and shifts monitoring away from the task.","high-stakes testing conditions | evaluative settings","assessment | classroom | selection","A relevant stereotype and an evaluative framing","Meta-analytic estimates in operational school settings are small and heterogeneous | Evidence of publication bias and failed replications is substantial | It does not explain group achievement gaps by itself","Using it as a complete explanation for disparities | Ignoring it entirely because of replication concerns | Interventions applied where no threat cue exists","Performance change under altered framing; measure=Randomized framing manipulations with adequate power and preregistration; timing=During assessment; caveat=Small underpowered studies dominate the older literature","contested","moderate","The original demonstrations are influential, but meta-analysis of school-age samples finds small effects with clear indications of publication bias.","direct-intervention","Laboratory demonstrations are stronger than operational-setting evidence.","","do-not-generalize","Reduce gratuitous identity cues in assessment as cheap good practice; do not build explanations of achievement gaps on this construct.","source:steele-aronson | source:flore-stereotype-meta","","construct | contested | equity | assessment","new"
"pedagogy:structured-collaboration","Structured cooperative and collaborative learning","tactic","established","sociocultural","general","primary | middle | secondary | postsecondary","collaborate | practice","lesson","Design interdependent tasks with individual accountability, equitable participation, explanation, and group-process reflection.","Peer explanation, questioning, critique, and shared problem solving can deepen elaboration and reveal differences in understanding.","multiple-perspective problem | joint explanation | peer review","small group | project team | workplace learning","A genuinely interdependent task | Explicit roles or norms | Individual evidence of learning | Teacher or facilitator monitoring","Group size must permit participation | Assess both group process and individual outcomes","Social loafing | Status domination | One learner doing all reasoning | Group product masking individual nonlearning","Equitable substantive participation and individual learning; measure=Turn/idea distribution, explanation quality, peer uptake, identifiable contributions, and individual transfer; timing=During collaboration and after group support is removed; caveat=A polished group artifact is not evidence that every member learned","context-dependent","moderate","Classroom meta-analysis finds positive average achievement and attitude effects with substantial implementation heterogeneity.","direct-intervention","Across school and higher education when structures create accountability and productive interaction.","","contextual-option","Use when the task benefits from distributed perspectives and individual learning remains observable.","source:collaboration-meta | source:icap","","collaboration | explanation | accountability | equity","inherited"
"pedagogy:study-skills-programs","Study-skills and learning-strategy programmes","method","established","cognitive | instructional-design","general","secondary | postsecondary | adult-workplace","self-regulate | transfer","unit-course","Strategy training works best when taught in context with the content it applies to, and worst when delivered as a detached generic course.","Strategies are conditional knowledge: learners need to know when and where to apply them, which only the domain context supplies.","study strategy development | transition support | academic recovery","higher education | secondary classroom | coaching","A content course the strategies are practised inside | Metacognitive framing of when to use each strategy | Follow-up practice","Generic detached programmes transfer poorly | Learners revert to familiar strategies under time pressure | Self-reported strategy use is unreliable","Running a standalone workshop and expecting change | Teaching low-utility strategies such as highlighting | Measuring satisfaction rather than strategy change","Actual strategy change in course work; measure=Observed or logged study behaviour plus performance, not self-report alone; timing=Across a term; caveat=Self-reported strategy use overstates actual change","strong","moderate","Meta-analysis of study-skills interventions finds effects depend on contextualization; near-transfer within the taught context is the reliable result.","direct-intervention","Secondary and higher education.","","contextual-option","Embed strategy instruction inside a real course and teach the conditions of use, not the strategy list.","source:hattie-study-skills | source:dunlosky-techniques | source:dignath-buttner","","method | self-regulation | strategy | transfer","new"
"pedagogy:summarization-training","Summarization as a study strategy","tactic","established","cognitive","literacy | general","middle | secondary | postsecondary","consolidate | self-regulate","micro-move","Summarizing helps only when learners have been trained to produce good summaries; untrained summarization is a low-utility strategy.","Selecting main ideas and condensing forces processing of structure, but poor summaries copy surface sentences and add nothing.","text comprehension | study review | note consolidation","study strategies | classroom | writing tasks","Explicit training in summarization criteria | Feedback on summary quality","Effects depend on training that is often long | Weak readers copy rather than condense | Rated low utility relative to retrieval and spacing","Assuming summarizing is inherently generative | Substituting it for retrieval practice | Grading length rather than selection quality","Summary quality and later comprehension; measure=Rubric scoring of idea selection plus delayed comprehension of new text; timing=After training and at delay; caveat=A neat summary can be pure transcription","context-dependent","moderate","Comprehensive review rates summarization low utility overall, with benefits conditional on substantial training.","direct-intervention","Mostly text-based academic tasks with older learners.","","contextual-option","Only worth recommending with explicit criteria and feedback; prefer retrieval when the goal is retention.","source:dunlosky-techniques | source:graham-perin-writing","","tactic | literacy | consolidation | contested","new"
"pedagogy:system-resource-tradeoffs","System-level resource decisions and cost-effectiveness","construct","consolidating","critical-equity | instructional-design","general | teacher-development","primary | middle | secondary","sequence | access | climate","program-system","Which teacher a learner gets matters more than most structural variables, and expensive structural levers such as class-size reduction buy less progress per unit cost than several cheaper instructional ones.","Structural changes act only through what they let teachers and learners do differently; where they do not change instruction, they produce little.","resource allocation | programme selection | policy analysis","school systems | policy | programme evaluation","Cost data alongside effect data | Local implementation-capacity assessment","Cost-effectiveness rankings are context- and price-specific and travel badly across systems | Class-size effects are small relative to cost and concentrated in the earliest grades | Teacher-effect estimates are not a licence for high-stakes individual teacher measurement","Importing another system's toolkit rankings without local costs | Using teacher-effect research to justify punitive evaluation | Choosing the visible structural lever over the cheaper instructional one","Progress per unit cost, locally estimated; measure=Effect estimates paired with local cost data and an implementation-capacity check; timing=At allocation decisions; caveat=Published rankings assume prices and conditions that may not hold locally","context-dependent","moderate","Systematic review evidence on class-size effects, primary evidence on the magnitude of teacher effects, and institutional cost-effectiveness syntheses.","mixed-direct-and-inferential","Findings are system- and price-specific; the ordering of options changes across contexts.","","contextual-option","Compare options on locally costed progress, and prefer instructional levers over structural ones unless local evidence says otherwise.","source:filges-class-size | source:nye-teacher-effects | source:eef-toolkit | source:dietrichson-low-ses","","construct | policy | equity | measurement","new"
"pedagogy:systematic-phonics-programme","Systematic phonics programmes","method","established","cognitive | behavioral","literacy | special-education","preschool | primary | middle","explain | practice | sequence","program-system","Systematic phonics instruction outperforms unsystematic or no phonics on word reading and spelling, with the largest effects in the earliest grades and for at-risk readers.","A planned cumulative sequence of letter-sound correspondences with blending practice makes the alphabetic system learnable rather than left to inference from text.","beginning reading | decoding intervention | spelling","classroom | intervention | tutoring","A planned cumulative scope and sequence | Application to connected text | Teacher knowledge of the code","Effects on comprehension are far smaller than on word reading | Benefits are largest in kindergarten and first grade | Phonics is necessary but not sufficient for reading","Treating phonics as the whole reading curriculum | Continuing a programme past the point of decoding competence | Decodable-text drilling with no meaning focus","Decoding of unfamiliar words; measure=Pseudoword and unfamiliar-word reading plus spelling, alongside separate comprehension measures; timing=Across the programme and at delay; caveat=Word-reading gains do not imply comprehension gains","strong","high","National panel meta-analysis plus a major evidence review, with an evidence-rated practice guide recommendation.","direct-intervention","Alphabetic orthographies, strongest in early grades and for at-risk readers.","metric=d; value=0.41; note=Overall reading effect from the national panel meta-analysis; larger for word reading and for early grades, smaller for comprehension.","candidate-default-with-fit-check","Default for beginning and struggling decoders; fade once decoding is established and never let it displace language and knowledge work.","source:ehri-phonics-meta | source:nrp | source:castles-reading-wars | source:literacy-wwc","source:literacy-wwc: Recommendations on developing awareness of segments of sound and teaching letter-sound relations (strong evidence)","method | literacy | decoding | intervention","new"
"pedagogy:task-based-language-teaching","Task-based language teaching","method","consolidating","sociocultural | cognitive","world-language | multilingual","primary | middle | secondary | postsecondary | adult-workplace","practice | transfer | motivate","unit-course","Organizing language instruction around meaningful tasks produces positive learning outcomes, with larger effects for programmes implemented over time and assessed on real task performance.","Tasks create communicative need, which drives negotiation of meaning and form-focused attention arising from actual communication demands.","communicative competence | language for specific purposes | programme design","language classroom | workplace language training","Tasks with a genuine non-linguistic outcome | Form-focused episodes within tasks | Teacher preparation for task facilitation","Implementation varies widely under the same label | Institutional exam pressure often distorts it | Pure task work without form focus underperforms","Tasks without any attention to form | Assessing tasks by fluency alone | Assuming the label describes the practice","Task performance and language development; measure=Real-task outcome completion plus accuracy and complexity measures; timing=Across the programme; caveat=Task completion can be achieved with minimal target language","context-dependent","moderate","Meta-analysis of TBLT implementation and evaluation shows positive effects, moderated by duration and outcome measure.","direct-intervention","Varied international settings; implementation heterogeneity is high.","","contextual-option","Adopt with explicit form-focus episodes and real task outcomes; document what implementation actually means locally.","source:bryfonski-tblt | source:norris-ortega","","method | world-language | transfer | collaboration","new"
"pedagogy:teacher-expectancy","Teacher expectancy effects","construct","consolidating","motivational-social | critical-equity","general | teacher-development","primary | middle | secondary","climate | diagnose","program-system","Teacher expectations are mostly accurate reflections of prior performance; genuine self-fulfilling effects are real but small, and can accumulate for stigmatized groups.","Expectations influence the tasks, questions, and feedback a learner receives, which over time can produce the expected result.","placement decisions | differentiated expectations | equity auditing","classroom | school systems | adaptive software","A mechanism by which expectation changes treatment","Most expectancy-performance correlation is accuracy, not causation | Average self-fulfilling effects are small | Accumulation for stigmatized groups is the more serious concern","Overclaiming dramatic Pygmalion effects | Ignoring differential treatment because average effects are small | Encoding low expectations into an adaptive system's difficulty routing","Differential treatment given equal performance; measure=Audit of task difficulty, questioning, and feedback by group at matched prior attainment; timing=Ongoing; caveat=Outcome gaps alone cannot separate accuracy from causation","context-dependent","moderate","Extensive review concluding expectancy effects are real but typically small, with accumulation and stigmatized-group effects as the main risks.","mixed-direct-and-inferential","Classroom research, mostly primary and secondary.","","contextual-option","Audit differential treatment at matched attainment; this is a direct fairness requirement for any automated routing.","source:jussim-harber | source:hpl2","","construct | equity | climate | warning","new"
"pedagogy:test-enhanced-transfer-limits","Limits of transfer from retrieval practice","constraint","established","cognitive","general | assessment-measurement","cross-lifespan","transfer | practice | assess","micro-move","Retrieval practice reliably improves retention of what was practised, but transfer to different questions or contexts is modest and depends on retrieval-format overlap.","Retrieval strengthens the specific retrieval routes exercised; transfer requires that the new task recruit sufficiently similar routes.","quiz design | practice item design | claims about retrieval practice","adaptive software | classroom | study strategies","A defined transfer target | Varied retrieval formats if transfer is the goal","Transfer effects are substantially smaller than retention effects | Format and content overlap moderate transfer strongly | Same-format quizzing predicts same-format performance","Promising understanding gains from fact quizzing | Optimizing an adaptive system on same-format items | Reporting retention results as transfer results","Transfer measured separately from retention; measure=Different-format and different-context items reported separately from repeated-format items; timing=At delay; caveat=A same-format post-test cannot demonstrate transfer","strong","high","Meta-analysis of transfer of test-enhanced learning finds a positive but markedly smaller effect than for repeated-format retention, moderated by overlap.","direct-intervention","Broad across materials studied.","metric=g; value=0.4; note=Transfer effect; considerably smaller than same-format retention effects and highly moderated by overlap.","candidate-default-with-fit-check","Vary retrieval formats when transfer matters, and never report retention results as transfer evidence.","source:pan-rickard-transfer | source:retrieval-meta | source:transfer-taxonomy","","constraint | memory | transfer | warning","new"
"pedagogy:text-structure-instruction","Text structure and graphic organizer instruction","tactic","established","cognitive","literacy | history-social-studies | science","primary | middle | secondary","explain | consolidate","lesson","Teaching learners to recognize and use the organizational structure of texts improves comprehension and recall of those texts.","Structure knowledge provides a retrieval framework and directs attention to the relations the author intended, rather than to isolated facts.","expository comprehension | note structuring | summarization support","classroom | intervention | content-area reading","Texts with a clear structure | Explicit modelling of the structure | Practice across multiple texts","Structures must be taught with real content, not as an isolated skill | Benefits are largest for expository text and weaker readers | Organizer templates can become fill-in-the-blank ritual","Worksheet organizers detached from meaning | Teaching many structures at once | Assuming transfer to unfamiliar structures","Structure use on new texts; measure=Recall organization and comprehension on untaught texts of the same structure; timing=After instruction and at delay; caveat=Completing the organizer is not comprehension","strong","moderate","Evidence-rated practice-guide recommendations for comprehension instruction include explicit text-structure teaching.","direct-intervention","Primary through secondary; strongest for expository text.","","contextual-option","Teach a small number of structures deeply inside content reading, and check transfer to untaught texts.","source:reading-comprehension-wwc | source:adolescent-literacy-wwc","source:reading-comprehension-wwc: Recommendation on teaching students the structure of different text types","tactic | literacy | comprehension | representation","new"
"pedagogy:threshold-concepts","Threshold concepts","theory","emerging","constructivist","general | history-social-studies | science","secondary | postsecondary | adult-workplace","sequence | diagnose","unit-course","Some concepts act as portals: once grasped they irreversibly transform how a learner sees a discipline, and before that they produce a prolonged liminal state.","Transformative, integrative, and often troublesome concepts reorganize a whole domain view rather than adding one more fact.","curriculum prioritization | identifying persistent sticking points","higher education | professional education | curriculum design","Disciplinary expert input on what is genuinely transformative","Identification is largely expert judgment, not measurement | Definitions are contested and hard to falsify | It does not itself prescribe a teaching method","Labelling any hard topic a threshold concept | Using liminality to excuse ineffective instruction | Assuming irreversibility without evidence","Reorganized disciplinary reasoning; measure=Longitudinal explanation and problem-framing changes; timing=Across a course or program; caveat=Self-reported transformation is weak evidence","hypothesis","low","An influential but largely descriptive framework; identification criteria remain contested and are rarely tested causally.","consensus-design","Mainly higher and professional education discourse.","","experimental-only","Use to prioritize curricular attention; never as evidence that a particular treatment works.","source:meyer-threshold","","theory | curriculum | hypothesis | contested","new"
"pedagogy:tpack","Technological pedagogical content knowledge (TPACK)","framework","consolidating","instructional-design","teacher-development | digital-environments","cross-lifespan","sequence | explain","program-system","Effective technology use requires the intersection of content, pedagogy, and technology knowledge, not technology knowledge alone.","Naming the intersections makes visible that a tool choice is only sound relative to a specific content representation and pedagogical purpose.","technology integration planning | teacher professional learning design","teacher education | professional development | edtech selection","A specific content goal | A pedagogical rationale for the tool","Boundaries between the components are hard to measure reliably | It describes knowledge, not outcomes | Self-report TPACK instruments have known validity problems","Using it to legitimize tool adoption after the fact | Measuring teacher confidence and calling it knowledge | Assuming the framework predicts learner results","Justified tool-content-pedagogy fit; measure=Artifact review of lesson plans against content goals, not self-report scales; timing=During planning and review; caveat=Self-reported TPACK correlates weakly with observed practice","context-dependent","low","A widely used conceptual framework for teacher knowledge with weak measurement validity and no direct learner-outcome claim.","consensus-design","Teacher-education discourse worldwide; treat as vocabulary, not evidence.","","do-not-generalize","Useful for structuring a tool-choice rationale; it is not evidence that a technology helps learners.","source:mishra-tpack","","framework | teacher-development | digital | technology","new"
"pedagogy:training-design-effectiveness","Training design and evaluation criteria","principle","established","instructional-design | behavioral","professional-workplace | health","adult-workplace","practice | assess | feedback","program-system","Organizational training works when needs assessment, practice, and feedback are present, and effect sizes depend heavily on which evaluation criterion is used.","Training that targets an assessed need and provides practice with feedback changes capability; the criterion chosen determines what the reported effect even means.","corporate and clinical training | programme evaluation","workplace learning | professional development","A documented needs assessment | Practice with feedback in the design | Criterion chosen before evaluation","Reaction-level measures do not predict learning or behaviour | Effect sizes differ substantially across criteria | Self-report criteria inflate results","Smile sheets used as effectiveness evidence | Skipping needs assessment and training the wrong thing | Comparing effect sizes across different criteria","Criterion-specified outcomes; measure=Pre-specified learning, behaviour, and results measures, reported separately; timing=At each evaluation level; caveat=Reaction data is not an outcome","strong","high","Meta-analysis of organizational training effectiveness showing meaningful effects that vary by evaluation criterion and by the presence of needs assessment, practice, and feedback.","direct-intervention","Organizational and professional training.","","candidate-default-with-fit-check","Declare the criterion before evaluating and never report reaction data as effectiveness.","source:arthur-training-meta | source:blume-transfer-meta","","principle | adult | workplace | measurement","new"
"pedagogy:transfer-bridging","Transfer through varied cases and explicit bridging","principle","consolidating","cognitive","general","cross-lifespan","transfer","unit-course","Teach for transfer by varying relevant contexts, comparing cases, naming deep structure, and testing uncued use after delay.","Learners must abstract a relevant relation, notice a cue, retrieve prior knowledge, and adapt it; each step can fail independently.","novel application | workplace use | cross-context reasoning","curriculum | simulation | professional training","Robust domain knowledge | Multiple cases that vary surface features while preserving target structure","Pre-specify near and far outcomes | Measure uncued and delayed use","Assuming far transfer from one example | Calling immediate isomorphic performance transfer | Using self-report as the only workplace outcome","Independent use across changed contexts; measure=Near/far task, changed representation or social setting, uncued application, and maintenance; timing=After delay and in a new context; caveat=Cued transfer and near transfer should be reported separately","context-dependent","high","Research syntheses show transfer is moderated by knowledge, cueing, similarity, context, and environment support.","mixed-direct-and-inferential","The transfer problem is general; effective bridges remain domain-specific.","","contextual-option","Treat transfer as a designed and measured outcome, never an automatic consequence.","source:transfer-taxonomy | source:hpl2 | source:interleaving-meta","","general | transfer | comparison | measurement","inherited"
"pedagogy:transfer-of-training","Transfer of training to the workplace","framework","established","instructional-design | motivational-social","professional-workplace","adult-workplace","transfer | climate","program-system","Whether training changes work behaviour depends on trainee characteristics, training design, and above all the work environment's transfer climate and support.","Learned capability only becomes performance where the environment provides opportunity, support, and consequences for using it.","training evaluation | workplace learning design | performance change","workplace learning | professional development","Opportunity to perform the trained behaviour | Supervisor and peer support | Measurement beyond course completion","Environment factors often dominate design factors | Self-reported transfer overstates behaviour change | Transfer decays without reinforcement","Evaluating training by satisfaction or completion | Blaming trainees for an unsupportive environment | Training a behaviour the workplace actively penalizes","Observed behaviour change on the job; measure=Supervisor or record-based behaviour measures plus transfer-climate assessment; timing=Weeks to months after training; caveat=Course completion and satisfaction predict transfer poorly","strong","high","The foundational transfer model plus a large meta-analysis identifying transfer climate, support, and motivation as the strongest predictors.","mixed-direct-and-inferential","Organizational training broadly.","","candidate-default-with-fit-check","Design and evaluate the environment, not just the course; never claim transfer from completion data.","source:baldwin-ford | source:blume-transfer-meta | source:arthur-training-meta","","framework | adult | workplace | transfer","new"
"pedagogy:transformative-learning","Transformative learning","theory","emerging","constructivist | critical-equity","professional-workplace | general","adult-workplace | older-adult | postsecondary","transfer | self-regulate | climate","program-system","Adults can undergo a shift in frame of reference through a disorienting dilemma and critical reflection, changing how they interpret experience rather than only what they know.","A dilemma the existing frame cannot accommodate prompts critical reflection on assumptions, discourse with others, and eventual reintegration under a revised frame.","professional identity change | values-laden learning | reflective practice","continuing education | professional development | coaching","A genuine disorienting experience | Psychological safety for critical reflection | Discourse with others","Evidence is largely qualitative and retrospective | Transformation cannot be reliably engineered on a schedule | There are real ethical limits to deliberately disorienting learners","Manufacturing distress in the name of transformation | Claiming transformation from a satisfaction survey | Applying it where technical skill, not perspective, is the gap","Documented frame change over time; measure=Longitudinal reflective evidence plus changed practice observed by others; timing=Over months; caveat=Self-reported transformation is weak evidence on its own","hypothesis","low","An influential adult-education theory supported mainly by qualitative and retrospective studies rather than controlled evidence.","consensus-design","Adult and professional education discourse.","","experimental-only","Use as a lens for values-laden adult learning; never as a promised outcome or a justification for engineered distress.","source:mezirow-transformative | source:merriam-adult-theory","","theory | adult | reflection | hypothesis","new"
"pedagogy:udl-options","Universal Design for Learning options","framework","disputed","critical-equity | instructional-design","special-education | general","primary | middle | secondary | postsecondary","access | sequence","program-system","Proactively offer options for engagement, representation, and action or expression while preserving common goals and needed individualized access.","Options may reduce predictable barriers and support agency, but UDL is a multicomponent framework whose active ingredients and fidelity are often unclear.","lesson design | curriculum design | assessment design","in-person | digital | hybrid","Clear common learning goal | Checkpoint-level rationale and fidelity data | Accessibility and accommodation plan","Preserve construct alignment | Limit option overload | Analyze effects by component and learner group","Learning-styles matching | Substituting UDL for accommodations or assistive technology | Attributing a package effect to undefined implementation","Barrier reduction without construct drift; measure=Option uptake, access, participation, fidelity by checkpoint, objective outcomes, and subgroup evidence; timing=Across implementation; caveat=A UDL label without component detail is not a reproducible intervention","contested","moderate","Systematic review found uneven framework alignment, overlapping components, and insufficient theoretical and implementation detail.","mixed-direct-and-inferential","Promising design framework; whole-package causal effects are not established broadly.","","do-not-generalize","Use checkpoint-level options as testable design hypotheses, not as proof that a UDL-branded package improves learning.","source:udl-review | source:wcag22","","accessibility | UDL | options | contested","inherited"
"pedagogy:utility-value-intervention","Utility-value writing intervention","tactic","consolidating","motivational-social","science | mathematics | general","secondary | postsecondary","motivate","micro-move","Brief writing exercises in which learners articulate how content connects to their own lives can raise interest and performance, particularly for learners with low success expectancy.","Self-generated relevance changes perceived task value without changing the task, and the effect concentrates where value was the binding constraint.","engagement in required courses | supporting struggling learners","classroom | higher education | adaptive software","Learner-generated rather than told relevance | Content that has a genuine connection to make | Repeated brief occasions","Effects are heterogeneous and concentrate in specific subgroups | Directly telling learners why it is useful can backfire for low-confidence learners | It does not substitute for instruction","Scaling as a universal treatment | Telling rather than eliciting relevance | Expecting it to fix instructional problems","Value change and performance in subgroups; measure=Interest and value measures plus course performance, analysed by prior expectancy; timing=Across the course; caveat=Average effects hide the subgroup where it works","context-dependent","moderate","Randomized classroom experiments show interest and performance gains concentrated among low-expectancy learners.","direct-intervention","Secondary and undergraduate science courses mostly.","","contextual-option","Low-cost and targeted; report subgroup results rather than an average, and always elicit rather than assert relevance.","source:hulleman-utility-value | source:eccles-wigfield-2020","","tactic | motivation | equity | engagement","new"
"pedagogy:variation-theory","Variation theory of learning","framework","emerging","constructivist | instructional-design","mathematics | science | general","primary | middle | secondary","explain | sequence","lesson","To learn a concept, a learner must experience variation in its critical features against a constant background, so what varies in an example set is a design decision.","Discernment of a critical aspect requires experiencing it varying while other aspects are held invariant; contrast, separation, and generalization are ordered patterns of variation.","example set design | concept discrimination | lesson sequencing","classroom | instructional materials | lesson study","An explicit account of the concept's critical features | Control over the example sequence","Requires prior analysis of what learners actually fail to discern | Evidence base is largely design-based and qualitative | Poorly chosen critical features make the design inert","Varying surface features that are not critical | Treating the framework as validated effect evidence | Overloading a single lesson with too many variations","Discernment of the critical feature; measure=Discrimination items that hold background constant and vary the target aspect; timing=Within and after the lesson; caveat=Success on the taught set may not show discernment","hypothesis","low","A coherent design framework supported mainly by design-based and lesson-study research rather than controlled effect estimates.","consensus-design","Mostly mathematics and science lesson studies, heavily Scandinavian and East Asian.","","experimental-only","Useful for generating contrasting example sets; do not present as established effect evidence.","source:kullberg-variation","","framework | comparison | discrimination | design","new"
"pedagogy:wait-time","Wait time after questions","tactic","established","cognitive | sociocultural","general","primary | middle | secondary | postsecondary","explain | collaborate | access","micro-move","Extending the pause after a question, and after the learner's answer, to several seconds changes the length, quality, and distribution of responses.","Silence gives time to retrieve and formulate rather than to react, and it changes who is able to enter the conversation.","classroom questioning | discussion | checking for understanding","classroom | small group | tutoring | live online","A question worth thinking about | Tolerance for silence","Original effects come from a modest observational and quasi-experimental base | Wait time alone does not improve a low-quality question | Cultural norms about silence differ","Extending wait after trivial recall questions | Using silence as pressure on one learner | Assuming better talk means better learning without measuring","Response length and participation spread; measure=Timed response length, number of distinct responders, and reasoning quality; timing=During questioning episodes; caveat=More talk is not automatically more learning","context-dependent","moderate","Classic classroom research with consistent observational findings; modern causal evidence on learning outcomes is limited.","mixed-direct-and-inferential","Widely applicable; effects reported mainly on discourse rather than achievement.","","contextual-option","Near-zero-cost discourse improvement; pair it with better questions rather than treating it as an achievement intervention.","source:rowe-wait-time | source:rosenshine-principles","","tactic | questioning | participation | equity","new"
"pedagogy:worked-examples-fading","Worked examples followed by fading","tactic","established","cognitive","general | mathematics","cross-lifespan","explain | practice","micro-move","Let novices study accurate solution processes, then progressively remove steps and shift to independent solving.","Examples reduce unproductive means-ends search and direct attention toward solution structure; fading restores retrieval and generation demands as knowledge grows.","structured procedure | mathematics | programming | technical skill","initial instruction | guided practice","Accurate example aligned to the target | Prompts or comparison that require processing | A plan for subsequent independent practice","Prior knowledge moderates benefit | Test independent and transfer performance","Passive copying | Redundancy and expertise reversal | Examples that omit expert decision points","Independent solution structure and reduced assistance; measure=Explanation of decisions, error pattern, independent solution, and transfer; timing=After example study and after fading; caveat=Correct imitation of the shown procedure is a weak transfer measure","strong","high","Meta-analytic and evidence-rated practice-guide support for novice structured learning, with expertise and design moderators.","direct-intervention","Strongest in mathematics and well-structured tasks; less certain in open-ended domains.","","candidate-default-with-fit-check","A strong candidate for novices when paired with active processing, fading, and independent checks.","source:worked-examples-meta | source:ies-study | source:cognitive-load","","general | example | novice | practice","inherited"
"pedagogy:working-memory-capacity","Working memory capacity as a learner variable","construct","established","cognitive | neuroscience","general | special-education","cross-lifespan","diagnose | access","micro-move","Working memory capacity constrains performance on novel complex tasks and predicts learning difficulties, but training it does not produce far transfer to academic outcomes.","Capacity limits how many novel interacting elements can be processed at once; it is supported by reducing extraneous demand and by building retrievable schemas, not by capacity drills.","task design | identifying learning difficulty | support planning","classroom | assessment | intervention | adaptive software","Task analysis of simultaneous element demand","Capacity is not fixed destiny and correlates imperfectly with achievement | Working memory training shows near but not far transfer | It should never be used as a stable classification of a learner","Buying brain-training products for academic gains | Labelling learners by capacity | Lowering curriculum expectations instead of reducing extraneous load","Performance change when extraneous load is reduced; measure=Same-content tasks with reduced simultaneous demand plus support-need documentation; timing=Across task variants; caveat=Improvement with support shows a design problem, not a capacity fix","strong","high","Robust evidence that capacity constrains novel task performance, and convergent meta-analytic evidence that training programmes do not transfer to academic outcomes.","mixed-direct-and-inferential","Broad; the anti-training conclusion is well replicated.","","contextual-option","Reduce extraneous demand and build schemas; do not purchase capacity training and do not classify learners by capacity.","source:melby-lervag-wm-training | source:simons-brain-training | source:cognitive-load","","construct | working-memory | accessibility | warning","new"
"pedagogy:writing-model-practice-reflect","Writing through model, practice, feedback, and reflection","tactic","established","cognitive | behavioral","literacy","primary | middle | secondary","practice | feedback","unit-course","Model planning, drafting, and revising decisions; guide practice; provide actionable feedback; and fade support toward purposeful independent writing.","Modeling externalizes expert decisions, guided practice builds control, and reflection supports strategy selection across genres and disciplines.","argument | explanation | narrative | disciplinary writing","language arts | content area | professional communication","Clear audience, purpose, and criteria | Representative mentor texts | Opportunity for revision","Practice across varied tasks for transfer | Preserve rhetorical choice while teaching strategies","Formulaic checklists suppressing purpose | Surface imitation of mentor texts | Feedback without revision time","Independent purposeful writing decisions; measure=Plan, draft, revision quality, strategy choice, rubric dimensions, and transfer to a new genre; timing=Across drafts and a later independent composition; caveat=A polished teacher-supported draft does not establish independent control","strong","high","IES/WWC rates the Model-Practice-Reflect strategy strongly and reading-writing integration moderately.","direct-intervention","Secondary writing across disciplines; adapt for younger and adult writers.","","candidate-default-with-fit-check","Use explicit cognitive apprenticeship with real revision and eventual independent writing.","source:writing-wwc | source:feedback-meta","","writing | modeling | feedback | metacognition","inherited"
"pedagogy:writing-strategy-instruction","Explicit writing strategy instruction","method","established","cognitive | behavioral","literacy","primary | middle | secondary","practice | self-regulate | feedback","unit-course","Teaching explicit strategies for planning, drafting, and revising, with self-regulation support, produces some of the largest effects in the writing literature.","Writing overloads working memory; externalized strategies and self-regulation routines manage the process so composing capacity is available for content and language.","composition quality | genre writing | revision","classroom | intervention | writing tasks","Adequate transcription fluency or accommodation for it | Modelled strategies with memorization support | Gradual release to independent use","Effects are largest for struggling writers | Strategies must be faded to avoid formulaic writing | Transcription demands must be addressed in parallel","Formulaic five-paragraph output as the ceiling | Strategy acronyms without genuine revision | Ignoring transcription barriers including disability","Independent writing quality and revision behaviour; measure=Blind-scored writing on new prompts plus observed planning and revising; timing=After instruction and at delay; caveat=Adherence to a strategy template is not writing quality","strong","high","Multiple meta-analyses identify strategy instruction as the highest-effect writing intervention, with evidence-rated practice-guide support.","direct-intervention","Primary through secondary; largest effects for struggling writers.","metric=d; value=1; note=Strategy instruction effects in writing meta-analyses are commonly the largest in the set, often near or above 1.0 for struggling writers.","candidate-default-with-fit-check","Default for weak writers; require fading and real revision so the strategy does not become the ceiling.","source:graham-perin-writing | source:graham-elementary-writing | source:writing-wwc","source:writing-wwc: Recommendation to explicitly teach appropriate writing strategies using a model-practice-reflect cycle","method | literacy | writing | self-regulation","new"
